#Data Set Export - Discharge Total.Change-in-Storage@08461200,
Timestamp (UTC-06:00),Value (m^3)
2020-06-29 00:00:00,0
2020-06-30 00:00:00,1293000.0000002328
2020-07-01 00:00:00,-647000.0000004657
2020-07-02 00:00:00,2589000.0000001164
2020-07-03 00:00:00,2586000.0000004657
2020-07-04 00:00:00,2587000.0000001164
2020-07-05 00:00:00,4527999.999999534
2020-07-06 00:00:00,7115000.000000931
2020-07-07 00:00:00,5173999.999999884
2020-07-08 00:00:00,7752999.999999651
2020-07-09 00:00:00,7535000.000000349
2020-07-10 00:00:00,9558999.999999767
2020-07-11 00:00:00,8343000
2020-07-12 00:00:00,7150000.000000116
2020-07-13 00:00:00,7149999.9999993015
2020-07-14 00:00:00,8341000.000000349
2020-07-15 00:00:00,5957999.999999534
2020-07-16 00:00:00,9534000.000000233
2020-07-17 00:00:00,5363000.000000815
2020-07-18 00:00:00,7149999.9999993015
2020-07-19 00:00:00,2979000.0000006985
2020-07-20 00:00:00,4765999.999998952
2020-07-21 00:00:00,1788000.0000009313
2020-07-22 00:00:00,1785999.9999995343
2020-07-23 00:00:00,0
2020-07-24 00:00:00,-8339999.999999418
2020-07-25 00:00:00,-11917000.000000931
2020-07-26 00:00:00,-16683999.999999419
2020-07-27 00:00:00,-20258000.0000007
2020-07-28 00:00:00,-11915999.99999965
2020-07-29 00:00:00,-7155000.000000116
2020-07-30 00:00:00,-6037999.999999884
2020-07-31 00:00:00,-6384000.000000116
2020-08-01 00:00:00,-6462999.9999993015
2020-08-02 00:00:00,-5821000.000000815
2020-08-03 00:00:00,-2588000
2020-08-04 00:00:00,-2586000
2020-08-05 00:00:00,-1939999.9999990687
2020-08-06 00:00:00,-1942000.0000001164
2020-08-07 00:00:00,0
2020-08-08 00:00:00,-645999.9999998836
2020-08-09 00:00:00,-3234000.0000012806
2020-08-10 00:00:00,647000.0000004657
2020-08-11 00:00:00,-1293999.9999997672
2020-08-12 00:00:00,0
2020-08-13 00:00:00,2587000.0000001164
2020-08-14 00:00:00,0
2020-08-15 00:00:00,0
2020-08-16 00:00:00,0
2020-08-17 00:00:00,1294000.0000004657
2020-08-18 00:00:00,1292999.9999987194
2020-08-19 00:00:00,1295000.0000012806
2020-08-20 00:00:00,645999.9999990687
2020-08-21 00:00:00,0
2020-08-22 00:00:00,646000
2020-08-23 00:00:00,0
2020-08-24 00:00:00,1293999.9999998836
2020-08-25 00:00:00,1294000.000000815
2020-08-26 00:00:00,3881000.000000233
2020-08-27 00:00:00,0
2020-08-28 00:00:00,1293999.9999989523
2020-08-29 00:00:00,3880000.0000009313
2020-08-30 00:00:00,2585999.999999767
2020-08-31 00:00:00,4523000.000000116
2020-09-01 00:00:00,2572000.000000233
2020-09-02 00:00:00,-641000.0000005821
2020-09-03 00:00:00,-644000.0000003492
2020-09-04 00:00:00,-2577999.9999996508
2020-09-05 00:00:00,-3878000
2020-09-06 00:00:00,-647999.9999996508
2020-09-07 00:00:00,-1939999.9999998836
2020-09-08 00:00:00,-8407000.000000115
2020-09-09 00:00:00,0
2020-09-10 00:00:00,0
2020-09-11 00:00:00,-1294000.000000815
2020-09-12 00:00:00,-1293999.9999998836
2020-09-13 00:00:00,-1939999.999999185
2020-09-14 00:00:00,-4527000.0000006985
2020-09-15 00:00:00,-1293999.9999997672
2020-09-16 00:00:00,-3234000.0000001164
2020-09-17 00:00:00,-7115000.000000233
2020-09-18 00:00:00,-3881000
2020-09-19 00:00:00,0
2020-09-20 00:00:00,-1292999.9999998836
2020-09-21 00:00:00,-2586999.999999418
2020-09-22 00:00:00,-1294000.0000006985
2020-09-23 00:00:00,-1293000.0000001164
2020-09-24 00:00:00,-646999.9999995343
2020-09-25 00:00:00,646999.9999995343
2020-09-26 00:00:00,-3880999.9999993015
2020-09-27 00:00:00,-2586999.9999995343
2020-09-28 00:00:00,1293999.9999995343
2020-09-29 00:00:00,1293000
2020-09-30 00:00:00,0
2020-10-01 00:00:00,1293000.0000004657
2020-10-02 00:00:00,0
2020-10-03 00:00:00,-1293000.0000004657
2020-10-04 00:00:00,-647000.0000003492
2020-10-05 00:00:00,-645999.9999996508
2020-10-06 00:00:00,-647999.9999998836
2020-10-07 00:00:00,-645999.9999996508
2020-10-08 00:00:00,0
2020-10-09 00:00:00,1293999.9999995343
2020-10-10 00:00:00,2586000.0000004657
2020-10-11 00:00:00,0
2020-10-12 00:00:00,646999.9999998836
2020-10-13 00:00:00,2587999.9999989523
2020-10-14 00:00:00,-647000
2020-10-15 00:00:00,1293000.0000001164
2020-10-16 00:00:00,1294000.0000006985
2020-10-17 00:00:00,1939999.999999185
2020-10-18 00:00:00,1940000.0000001164
2020-10-19 00:00:00,0
2020-10-20 00:00:00,0
2020-10-21 00:00:00,1941000.0000001164
2020-10-22 00:00:00,0
2020-10-23 00:00:00,646000.0000001164
2020-10-24 00:00:00,2588000.0000001164
2020-10-25 00:00:00,0
2020-10-26 00:00:00,0
2020-10-27 00:00:00,0
2020-10-28 00:00:00,2585999.9999996508
2020-10-29 00:00:00,1941000.0000002328
2020-10-30 00:00:00,1294000
2020-10-31 00:00:00,647999.9999996508
2020-11-01 00:00:00,3232999.999999767
2020-11-02 00:00:00,647000.0000004657
2020-11-03 00:00:00,0
2020-11-04 00:00:00,0
2020-11-05 00:00:00,-647000.0000004657
2020-11-06 00:00:00,1293000.0000009313
2020-11-07 00:00:00,1941000.0000003492
2020-11-08 00:00:00,645999.9999998836
2020-11-09 00:00:00,-645999.9999998836
2020-11-10 00:00:00,1292999.9999987194
2020-11-11 00:00:00,0
2020-11-12 00:00:00,1295000.0000012806
2020-11-13 00:00:00,0
2020-11-14 00:00:00,0
2020-11-15 00:00:00,2585999.9999989523
2020-11-16 00:00:00,646000.0000003492
2020-11-17 00:00:00,648000.0000004657
2020-11-18 00:00:00,1293000.0000001164
2020-11-19 00:00:00,0
2020-11-20 00:00:00,2588000.0000001164
2020-11-21 00:00:00,1293999.9999989523
2020-11-22 00:00:00,1940000.0000010477
2020-11-23 00:00:00,645999.9999997672
2020-11-24 00:00:00,1294000.0000001164
2020-11-25 00:00:00,646000
2020-11-26 00:00:00,0
2020-11-27 00:00:00,-1294000
2020-11-28 00:00:00,648000
2020-11-29 00:00:00,0
2020-11-30 00:00:00,1291999.9999998836
2020-12-01 00:00:00,-2586000
2020-12-02 00:00:00,1294000.0000001164
2020-12-03 00:00:00,-1294000.0000001164
2020-12-04 00:00:00,646000.0000001164
2020-12-05 00:00:00,648000
2020-12-06 00:00:00,646000
2020-12-07 00:00:00,1293999.9999995343
2020-12-08 00:00:00,0
2020-12-09 00:00:00,-647999.9999996508
2020-12-10 00:00:00,-1939999.9999998836
2020-12-11 00:00:00,648000
2020-12-12 00:00:00,-1939999.9999998836
2020-12-13 00:00:00,1939999.9999998836
2020-12-14 00:00:00,646000
2020-12-15 00:00:00,1939999.9999997672
2020-12-16 00:00:00,0
2020-12-17 00:00:00,1292999.9999993015
2020-12-18 00:00:00,0
2020-12-19 00:00:00,646000.0000005821
2020-12-20 00:00:00,646999.9999993015
2020-12-21 00:00:00,-1292999.9999998836
2020-12-22 00:00:00,-2586999.999999185
2020-12-23 00:00:00,647999.9999996508
2020-12-24 00:00:00,646000.0000002328
2020-12-25 00:00:00,1938999.9999998836
2020-12-26 00:00:00,646999.9999993015
2020-12-27 00:00:00,6421000.000000815
2020-12-28 00:00:00,-5130000.000000466
2020-12-29 00:00:00,-1291000.0000003492
2020-12-30 00:00:00,2581000.0000006985
2020-12-31 00:00:00,0
2021-01-01 00:00:00,2568999.999999767
2021-01-02 00:00:00,1271000.0000003492
2021-01-03 00:00:00,1253999.9999996508
2021-01-04 00:00:00,2441000.000000582
2021-01-05 00:00:00,1202999.999999418
2021-01-06 00:00:00,2991000.0000003492
2021-01-07 00:00:00,3577999.9999996508
2021-01-08 00:00:00,1787000.0000003492
2021-01-09 00:00:00,3575999.9999995343
2021-01-10 00:00:00,4767000.000000466
2021-01-11 00:00:00,1787000.0000002328
2021-01-12 00:00:00,597000.0000001164
2021-01-13 00:00:00,0
2021-01-14 00:00:00,594999.9999990687
2021-01-15 00:00:00,2978999.9999998836
2021-01-16 00:00:00,1192000.000000815
2021-01-17 00:00:00,2382999.9999998836
2021-01-18 00:00:00,0
2021-01-19 00:00:00,-595000.0000004657
2021-01-20 00:00:00,595000.0000004657
2021-01-21 00:00:00,0
2021-01-22 00:00:00,596000.0000001164
2021-01-23 00:00:00,2978999.9999996508
2021-01-24 00:00:00,0
2021-01-25 00:00:00,1191999.9999996508
2021-01-26 00:00:00,1787000.0000003492
2021-01-27 00:00:00,0
2021-01-28 00:00:00,0
2021-01-29 00:00:00,0
2021-01-30 00:00:00,5362000.000000466
2021-01-31 00:00:00,2383999.9999993015
2021-02-01 00:00:00,1191000.0000004657
2021-02-02 00:00:00,2384000.0000001164
2021-02-03 00:00:00,-1192000
2021-02-04 00:00:00,2978999.9999996508
2021-02-05 00:00:00,5364000.000000582
2021-02-06 00:00:00,5361999.999999884
2021-02-07 00:00:00,2383999.9999998836
2021-02-08 00:00:00,594999.9999993015
2021-02-09 00:00:00,1192000
2021-02-10 00:00:00,0
2021-02-11 00:00:00,2979000
2021-02-12 00:00:00,1787999.9999997672
2021-02-13 00:00:00,0
2021-02-14 00:00:00,2383000.0000010477
2021-02-15 00:00:00,0
2021-02-16 00:00:00,-2383000.0000010477
2021-02-17 00:00:00,-10725999.99999965
2021-02-18 00:00:00,-3573999.999999185
2021-02-19 00:00:00,-8343000.000000233
2021-02-20 00:00:00,-11916000.000000698
2021-02-21 00:00:00,-5958999.999999534
2021-02-22 00:00:00,-5956999.999999534
2021-02-23 00:00:00,-1192000.0000009313
2021-02-24 00:00:00,0
2021-02-25 00:00:00,0
2021-02-26 00:00:00,2383000.000000815
2021-02-27 00:00:00,1190999.9999990687
2021-02-28 00:00:00,0
2021-03-01 00:00:00,4767000.0000006985
2021-03-02 00:00:00,2978999.9999993015
2021-03-03 00:00:00,1788000.0000001164
2021-03-04 00:00:00,1192000.0000009313
2021-03-05 00:00:00,2382999.999999418
2021-03-06 00:00:00,2383000.0000004657
2021-03-07 00:00:00,1787999.9999990687
2021-03-08 00:00:00,2383000.000000233
2021-03-09 00:00:00,1787000.000000582
2021-03-10 00:00:00,2382999.999999185
2021-03-11 00:00:00,3577000.0000003492
2021-03-12 00:00:00,2978000.000000233
2021-03-13 00:00:00,4170999.999999418
2021-03-14 00:00:00,4767000.000000116
2021-03-15 00:00:00,2979000
2021-03-16 00:00:00,595999.9999997672
2021-03-17 00:00:00,3575000.0000010477
2021-03-18 00:00:00,5361999.999998952
2021-03-19 00:00:00,7147000.000000116
2021-03-20 00:00:00,8752000
2021-03-21 00:00:00,2831000.0000001164
2021-03-22 00:00:00,3389000.000000815
2021-03-23 00:00:00,2823999.9999998836
2021-03-24 00:00:00,564000.0000001164
2021-03-25 00:00:00,8463999.999999069
2021-03-26 00:00:00,8245000.000000523
2021-03-27 00:00:00,9162000.000000175
2021-03-28 00:00:00,8609999.999999534
2021-03-29 00:00:00,9622000.000000058
2021-03-30 00:00:00,1520000.0000001164
2021-03-31 00:00:00,4557999.999999767
2021-04-01 00:00:00,7090000.000000641
2021-04-02 00:00:00,3544999.999999418
2021-04-03 00:00:00,4557999.999999884
2021-04-04 00:00:00,2532000.0000006985
2021-04-05 00:00:00,2531999.9999992433
2021-04-06 00:00:00,-1518999.9999994761
2021-04-07 00:00:00,-506000
2021-04-08 00:00:00,-506999.99999976717
2021-04-09 00:00:00,1012999.9999997672
2021-04-10 00:00:00,2025999.9999996508
2021-04-11 00:00:00,2531999.999999767
2021-04-12 00:00:00,2532000.0000004657
2021-04-13 00:00:00,506999.99999959255
2021-04-14 00:00:00,506000.00000046566
2021-04-15 00:00:00,2024999.9999995343
2021-04-16 00:00:00,2027000.0000004657
2021-04-17 00:00:00,0
2021-04-18 00:00:00,-1013000.0000005239
2021-04-19 00:00:00,506000.0000001746
2021-04-20 00:00:00,-506000.0000001746
2021-04-21 00:00:00,-1013999.9999999418
2021-04-22 00:00:00,-2024999.9999995343
2021-04-23 00:00:00,2024999.9999995343
2021-04-24 00:00:00,2027000.0000004657
2021-04-25 00:00:00,-1013000.0000005239
2021-04-26 00:00:00,1013000.0000005239
2021-04-27 00:00:00,0
2021-04-28 00:00:00,-4052000
2021-04-29 00:00:00,1518999.9999994761
2021-04-30 00:00:00,-2531999.9999995343
2021-05-01 00:00:00,-3544999.999999767
2021-05-02 00:00:00,-5064000.000000523
2021-05-03 00:00:00,-5570999.999999418
2021-05-04 00:00:00,-4051999.9999998254
2021-05-05 00:00:00,-3038000.0000001164
2021-05-06 00:00:00,1012999.9999993015
2021-05-07 00:00:00,0
2021-05-08 00:00:00,0
2021-05-09 00:00:00,0
2021-05-10 00:00:00,-8103999.999999592
2021-05-11 00:00:00,-4556999.999999592
2021-05-12 00:00:00,-3039000.000000233
2021-05-13 00:00:00,-3544999.999999942
2021-05-14 00:00:00,-3038999.999999942
2021-05-15 00:00:00,-3038000.0000003492
2021-05-16 00:00:00,-3040000.0000001164
2021-05-17 00:00:00,-3039000
2021-05-18 00:00:00,-13637000.000000233
2021-05-19 00:00:00,-4504999.999999534
2021-05-20 00:00:00,-2258000.000000582
2021-05-21 00:00:00,-2258000
2021-05-22 00:00:00,-1127999.999999185
2021-05-23 00:00:00,-2259000.0000006985
2021-05-24 00:00:00,-1129000.0000002328
2021-05-25 00:00:00,-1128999.9999993015
2021-05-26 00:00:00,-1129999.9999997672
2021-05-27 00:00:00,0
2021-05-28 00:00:00,-2825999.9999998836
2021-05-29 00:00:00,-1133000.0000001164
2021-05-30 00:00:00,-1135000
2021-05-31 00:00:00,-7590000.000000349
2021-06-01 00:00:00,-4762000.000000116
2021-06-02 00:00:00,-9533000.00000035
2021-06-03 00:00:00,-10725000
2021-06-04 00:00:00,-4765999.999998952
2021-06-05 00:00:00,-4768000.000000466
2021-06-06 00:00:00,-3574999.999999767
2021-06-07 00:00:00,-1192000.0000001164
2021-06-08 00:00:00,-1191000.0000004657
2021-06-09 00:00:00,-1191999.9999997672
2021-06-10 00:00:00,0
2021-06-11 00:00:00,-1191999.9999995343
2021-06-12 00:00:00,0
2021-06-13 00:00:00,0
2021-06-14 00:00:00,0
2021-06-15 00:00:00,1191999.9999995343
2021-06-16 00:00:00,0
2021-06-17 00:00:00,3575000.0000003492
2021-06-18 00:00:00,4766999.9999993015
2021-06-19 00:00:00,2384000.000000582
2021-06-20 00:00:00,4765999.999999534
2021-06-21 00:00:00,3574999.9999998836
2021-06-22 00:00:00,5958999.999999767
2021-06-23 00:00:00,4766000.000000116
2021-06-24 00:00:00,5958000
2021-06-25 00:00:00,2384000.0000006985
2021-06-26 00:00:00,2379999.999999767
2021-06-27 00:00:00,2378000.0000003492
2021-06-28 00:00:00,1184999.9999997672
2021-06-29 00:00:00,3503999.9999998836
2021-06-30 00:00:00,2280999.9999995343
2021-07-01 00:00:00,2266000.0000009313
2021-07-02 00:00:00,2259999.9999998836
2021-07-03 00:00:00,1694000.0000001164
2021-07-04 00:00:00,0
2021-07-05 00:00:00,-2824000.000000582
2021-07-06 00:00:00,-14529999.999999767
2021-07-07 00:00:00,-7743999.999999534
2021-07-08 00:00:00,-6554000.000000931
2021-07-09 00:00:00,-5363000
2021-07-10 00:00:00,-6553999.999999534
2021-07-11 00:00:00,-5363000
2021-07-12 00:00:00,-2979000.0000006985
2021-07-13 00:00:00,-1787999.999999185
2021-07-14 00:00:00,-1191000.0000004657
2021-07-15 00:00:00,-1191999.9999997672
2021-07-16 00:00:00,-3574000
2021-07-17 00:00:00,-3574999.999999418
2021-07-18 00:00:00,0
2021-07-19 00:00:00,-1192000.0000009313
2021-07-20 00:00:00,-1191999.9999996508
2021-07-21 00:00:00,0
2021-07-22 00:00:00,595000.0000001164
2021-07-23 00:00:00,-1787000
2021-07-24 00:00:00,-2382999.9999998836
2021-07-25 00:00:00,-595000.0000004657
2021-07-26 00:00:00,-596999.9999996508
2021-07-27 00:00:00,-595000.0000003492
2021-07-28 00:00:00,-595999.9999994179
2021-07-29 00:00:00,1190999.9999997672
2021-07-30 00:00:00,0
2021-07-31 00:00:00,0
2021-08-01 00:00:00,-1190999.9999997672
2021-08-02 00:00:00,-1192000.000000815
2021-08-03 00:00:00,0
2021-08-04 00:00:00,0
2021-08-05 00:00:00,-1192000
2021-08-06 00:00:00,-11915999.99999965
2021-08-07 00:00:00,-4171999.9999995343
2021-08-08 00:00:00,-1789000.000000582
2021-08-09 00:00:00,0
2021-08-10 00:00:00,1789000.000000582
2021-08-11 00:00:00,-596000.0000001164
2021-08-12 00:00:00,2383000.0000003492
2021-08-13 00:00:00,1191999.9999996508
2021-08-14 00:00:00,3575999.9999995343
2021-08-15 00:00:00,2979000.000000582
2021-08-16 00:00:00,2979999.9999993015
2021-08-17 00:00:00,3573999.9999998836
2021-08-18 00:00:00,1192000
2021-08-19 00:00:00,2383000.000000582
2021-08-20 00:00:00,1788000.0000002328
2021-08-21 00:00:00,3573999.999999767
2021-08-22 00:00:00,1789000.0000004657
2021-08-23 00:00:00,1191000
2021-08-24 00:00:00,0
2021-08-25 00:00:00,1191999.999999418
2021-08-26 00:00:00,1192000
2021-08-27 00:00:00,2382000.0000004657
2021-08-28 00:00:00,3574999.999999767
2021-08-29 00:00:00,2384000.0000001164
2021-08-30 00:00:00,3574999.9999993015
2021-08-31 00:00:00,238467.6400971366
2021-09-01 00:00:00,2860777.6987900725
2021-09-02 00:00:00,1310222.8120141663
2021-09-03 00:00:00,3932531.8490985082
2021-09-04 00:00:00,3218068.8047120348
2021-09-05 00:00:00,4170400.7700735237
2021-09-06 00:00:00,4051777.170514688
2021-09-07 00:00:00,5123800.245240098
2021-09-08 00:00:00,2501953.0094596557
2021-09-09 00:00:00,2264847.577702021
2021-09-10 00:00:00,2976000.2684327774
2021-09-11 00:00:00,2731023.342419998
2021-09-12 00:00:00,1297999.165043817
2021-09-13 00:00:00,1055799.1761399899
2021-09-14 00:00:00,2306396.8963855878
2021-09-15 00:00:00,797977.901229402
2021-09-16 00:00:00,1929999.3999887956
2021-09-17 00:00:00,1696000.1440015621
2021-09-18 00:00:00,3163200.07275627
2021-09-19 00:00:00,3952800.503548933
2021-09-20 00:00:00,3160022.678312147
2021-09-21 00:00:00,903932.874039514
2021-09-22 00:00:00,790067.3513803631
2021-09-23 00:00:00,225977.54396987148
2021-09-24 00:00:00,1804955.1046492998
2021-09-25 00:00:00,2478267.4630129477
2021-09-26 00:00:00,3904397.0868551405
2021-09-27 00:00:00,4226592.039776675
2021-09-28 00:00:00,3362743.4103553533
2021-09-29 00:00:00,-304744.19779819436
2021-09-30 00:00:00,1724581.2081954791
2021-10-01 00:00:00,304419.0249766689
2021-10-02 00:00:00,1824743.9646263956
2021-10-03 00:00:00,810256.0967528261
2021-10-04 00:00:00,1013399.8887214111
2021-10-05 00:00:00,-506399.82982730726
2021-10-06 00:00:00,-202818.71425855206
2021-10-07 00:00:00,202818.71425855206
2021-10-08 00:00:00,1012399.8886024929
2021-10-09 00:00:00,1013000.1180183608
2021-10-10 00:00:00,1924600.7027400774
2021-10-11 00:00:00,203181.04060093174
2021-10-12 00:00:00,2734000.093204202
2021-10-13 00:00:00,-708600.241629174
2021-10-14 00:00:00,-404837.75718457764
2021-10-15 00:00:00,-2229343.659882783
2021-10-16 00:00:00,2533000.298942381
2021-10-17 00:00:00,1012600.3525233828
2021-10-18 00:00:00,1721743.0084176594
2021-10-19 00:00:00,1520000.0000000582
2021-10-20 00:00:00,-101361.76415893715
2021-10-21 00:00:00,-304199.9932755716
2021-10-22 00:00:00,810399.8782709241
2021-10-23 00:00:00,1316619.2511499976
2021-10-24 00:00:00,1519400.420588383
2021-10-25 00:00:00,2227980.7401097496
2021-10-26 00:00:00,810419.8724881862
2021-10-27 00:00:00,-304419.830873725
2021-10-28 00:00:00,609161.4257011679
2021-10-29 00:00:00,910838.6998227797
2021-10-30 00:00:00,1215600.2919510356
2021-10-31 00:00:00,1417561.0082254861
2021-11-01 00:00:00,810658.4968903335
2021-11-02 00:00:00,1823580.676738522
2021-11-03 00:00:00,-9825400.847909681
2021-11-04 00:00:00,-1620181.0185256763
2021-11-05 00:00:00,-1620799.946705636
2021-11-06 00:00:00,-608419.1587914247
2021-11-07 00:00:00,-1012200.2366750967
2021-11-08 00:00:00,1417762.0349793578
2021-11-09 00:00:00,-1215343.0591098731
2021-11-10 00:00:00,-1114200.1178170322
2021-11-11 00:00:00,-1215456.8230732693
2021-11-12 00:00:00,-607362.1285208501
2021-11-13 00:00:00,1113362.1285209665
2021-11-14 00:00:00,202856.99490224943
2021-11-15 00:00:00,-1012400.352562312
2021-11-16 00:00:00,607200.056795904
2021-11-17 00:00:00,-607200.056795904
2021-11-18 00:00:00,-1114218.9585505985
2021-11-19 00:00:00,1215418.9552694443
2021-11-20 00:00:00,-202418.87531109387
2021-11-21 00:00:00,-2026599.8515455285
2021-11-22 00:00:00,-101637.91220268467
2021-11-23 00:00:00,406437.90560925845
2021-11-24 00:00:00,-1114781.6248569288
2021-11-25 00:00:00,-3545400.183999038
2021-11-26 00:00:00,1418199.9507074943
2021-11-27 00:00:00,-1316818.651766982
2021-11-28 00:00:00,101362.60430654511
2021-11-29 00:00:00,-405562.5978774042
2021-11-30 00:00:00,-911581.4194845734
2021-12-01 00:00:00,-811018.8948817668
2021-12-02 00:00:00,-506399.73510365235
2021-12-02 00:00:01,NaN
2021-12-08 23:59:59,NaN
2021-12-09 00:00:00,3445599.956502323
2021-12-10 00:00:00,303544.0113219083
2021-12-11 00:00:00,-202344.0145254135
2021-12-12 00:00:00,-2026400.006035401
2021-12-13 00:00:00,-2432618.8562231837
2021-12-14 00:00:00,-2234580.982480489
2021-12-15 00:00:00,101999.9968050397
2021-12-16 00:00:00,5476799.962428282
2021-12-17 00:00:00,1418381.2671456835
2021-12-18 00:00:00,3748419.0923150745
2021-12-19 00:00:00,-1621200.1754380763
2021-12-20 00:00:00,-2937200.128344237
2021-12-21 00:00:00,1924200.0098465942
2021-12-22 00:00:00,1013000.1184976427
2021-12-23 00:00:00,1317543.716008484
2021-12-24 00:00:00,1721456.6423403448
2021-12-25 00:00:00,2329543.3576594223
2021-12-26 00:00:00,-1012999.9999994179
2021-12-27 00:00:00,2329257.295834308
2021-12-28 00:00:00,1114580.825002049
2021-12-29 00:00:00,1215400.129402813
2021-12-30 00:00:00,1924761.7497607134
2021-12-31 00:00:00,708457.6812582673
2022-01-01 00:00:00,2431780.983587494
2022-01-02 00:00:00,-2431780.983587494
2022-01-03 00:00:00,-3443200.201303116
2022-01-04 00:00:00,607580.7225984172
2022-01-05 00:00:00,404819.1660643206
2022-01-06 00:00:00,1418200.423956965
2022-01-07 00:00:00,-2126619.583292573
2022-01-08 00:00:00,-608238.2092822809
2022-01-09 00:00:00,3646238.456446328
2022-01-10 00:00:00,-6380981.343506952
2022-01-11 00:00:00,-911619.1207614611
2022-01-12 00:00:00,-304199.99336480396
2022-01-13 00:00:00,1418562.001186423
2022-01-14 00:00:00,-7192162.639305985
2022-01-15 00:00:00,1013000.0786702149
2022-01-16 00:00:00,-5471837.439363473
2022-01-17 00:00:00,-1927362.796418951
2022-01-18 00:00:00,6994362.796418369
2022-01-19 00:00:00,1822656.3401168678
2022-01-20 00:00:00,6178981.854867772
2022-01-21 00:00:00,-3342400.391171046
2022-01-22 00:00:00,3849400.432027818
2022-01-23 00:00:00,506199.8849953525
2022-01-24 00:00:00,709400.0884458073
2022-01-25 00:00:00,-13574382.285195636
2022-01-26 00:00:00,-4262855.924086645
2022-01-27 00:00:00,-309058.68844344513
2022-01-28 00:00:00,-2042884.3242532457
2022-01-29 00:00:00,-1244056.9873034838
2022-01-30 00:00:00,-1378737.9565694719
2022-01-31 00:00:00,-1750818.5688565718
2022-02-01 00:00:00,0
2022-02-02 00:00:00,-9559398.721167585
2022-02-03 00:00:00,451955.2465931047
2022-02-04 00:00:00,6538667.040562024
2022-02-05 00:00:00,2012777.20139327
2022-02-06 00:00:00,-1676399.6569567826
2022-02-07 00:00:00,-1348599.6657978976
2022-02-08 00:00:00,900022.1255286597
2022-02-09 00:00:00,-2026222.0619041473
2022-02-10 00:00:00,-3271244.9828247773
2022-02-11 00:00:00,2819999.9999996508
2022-02-12 00:00:00,-1239755.1682092017
2022-02-13 00:00:00,1127199.9363591895
2022-02-14 00:00:00,-1014444.7681499878
2022-02-15 00:00:00,1465467.4784385134
2022-02-16 00:00:00,-1578222.646647715
2022-02-17 00:00:00,-2370177.6349586435
2022-02-18 00:00:00,2482932.803167845
2022-02-19 00:00:00,112844.89042009227
2022-02-20 00:00:00,789022.2659773426
2022-02-21 00:00:00,2027777.8217501473
2022-02-22 00:00:00,-788200.1093706349
2022-02-23 00:00:00,-563199.8859518208
2022-02-24 00:00:00,563199.8859518208
2022-02-25 00:00:00,450422.5142193027
2022-02-26 00:00:00,-225222.45540493168
2022-02-27 00:00:00,900800.0421429751
2022-02-28 00:00:00,561399.7211954556
2022-03-01 00:00:00,448222.1782533452
2022-03-02 00:00:00,-560399.8286210699
2022-03-03 00:00:00,336377.54443648737
2022-03-04 00:00:00,112022.28834014386
2022-03-05 00:00:00,1007377.319143503
2022-03-06 00:00:00,-2693176.8052873667
2022-03-07 00:00:00,-2253600.055743591
2022-03-08 00:00:00,-2482667.331450386
2022-03-09 00:00:00,-2145155.509173521
2022-03-10 00:00:00,-3160777.9628149
2022-03-11 00:00:00,-6439022.704739473
2022-03-12 00:00:00,3276956.176727661
2022-03-13 00:00:00,-2372956.1366160633
2022-03-14 00:00:00,-2829399.92019732
2022-03-15 00:00:00,-2505376.8669355195
2022-03-16 00:00:00,-1384267.076251679
2022-03-17 00:00:00,-2940999.9999993015
2022-03-18 00:00:00,-711752.3233687971
2022-03-19 00:00:00,-831576.2334164465
2022-03-20 00:00:00,2725328.556785127
2022-03-21 00:00:00,-5939000
2022-03-22 00:00:00,-1428328.7091344828
2022-03-23 00:00:00,-238423.75770048238
2022-03-24 00:00:00,-953576.4020571951
2022-03-25 00:00:00,-357671.13110842183
2022-03-26 00:00:00,1430471.2953047128
2022-03-27 00:00:00,1072376.0154907359
2022-03-28 00:00:00,356399.991174927
2022-03-29 00:00:00,2500752.6980296243
2022-03-30 00:00:00,-2262752.3063657572
2022-03-31 00:00:00,2500423.6690453254
2022-04-01 00:00:00,2965399.4103129953
2022-04-02 00:00:00,1528929.227007553
2022-04-03 00:00:00,3338044.3273534765
2022-04-04 00:00:00,1135599.6158336056
2022-04-05 00:00:00,3508356.0568136163
2022-04-06 00:00:00,1581044.0566038014
2022-04-07 00:00:00,3162022.4754799856
2022-04-08 00:00:00,1129000.147568062
2022-04-08 00:00:01,NaN
2022-04-11 23:59:59,NaN
2022-04-12 00:00:00,1128000.150660635
2022-04-13 00:00:00,-1579422.4319168134
2022-04-14 00:00:00,451422.2812561784
2022-04-15 00:00:00,2367777.8062178986
2022-04-16 00:00:00,901022.4043696653
2022-04-17 00:00:00,112599.99580145814
2022-04-18 00:00:00,337777.5951513322
2022-04-19 00:00:00,2688355.021852418
2022-04-20 00:00:00,-1564955.4150014883
2022-04-21 00:00:00,1007955.4150014883
2022-04-22 00:00:00,2324042.4377080053
2022-04-23 00:00:00,758819.6020115865
2022-04-24 00:00:00,3847137.9602805246
2022-04-25 00:00:00,-11201732.839438714
2022-04-26 00:00:00,-3498222.357134451
2022-04-27 00:00:00,-1693200.3125996562
2022-04-28 00:00:00,-1354600.1562564634
2022-04-29 00:00:00,-1919177.8024862288
2022-04-30 00:00:00,-2259000.2934155054
2022-05-01 00:00:00,3388000.4409835674
2022-05-02 00:00:00,-1129000.147568062
2022-05-03 00:00:00,-1468022.3295936594
2022-05-04 00:00:00,790000.1058632042
2022-05-05 00:00:00,-2596978.2194300788
2022-05-06 00:00:00,789933.9110768633
2022-05-07 00:00:00,2823999.9999998836
2022-05-08 00:00:00,-1130000.0000006985
2022-05-09 00:00:00,1468466.3585980888
2022-05-10 00:00:00,2596378.132229089
2022-05-11 00:00:00,2709155.509173055
2022-05-12 00:00:00,4735267.463012948
2022-05-13 00:00:00,4233732.536987518
2022-05-14 00:00:00,5021656.248131592
2022-05-15 00:00:00,3151980.8750840602
2022-05-16 00:00:00,4155362.87678394
2022-05-17 00:00:00,4659237.683789805
2022-05-18 00:00:00,5874600.43704696
2022-05-19 00:00:00,3342619.4983666064
2022-05-20 00:00:00,3140200.3711707075
2022-05-21 00:00:00,1113980.9098076075
2022-05-22 00:00:00,-405638.90018180246
2022-05-23 00:00:00,1621238.875304698
2022-05-24 00:00:00,-27368201.562903646
2022-05-25 00:00:00,-21517971.073732246
2022-05-26 00:00:00,-15674818.383536652
2022-05-27 00:00:00,-12866577.82323251
2022-05-28 00:00:00,-28881962.30013063
2022-05-29 00:00:00,-2501412.752699922
2022-05-30 00:00:00,-5338712.854818208
2022-05-31 00:00:00,-2714715.3133739484
2022-06-01 00:00:00,-238462.5569281634
2022-06-02 00:00:00,-1429951.638402301
2022-06-03 00:00:00,-238018.92048097216
2022-06-04 00:00:00,1906433.1158114364
2022-06-05 00:00:00,1787000.2056497615
2022-06-06 00:00:00,2383412.924368633
2022-06-07 00:00:00,3813775.5407288205
2022-06-08 00:00:00,4647011.410575127
2022-06-09 00:00:00,4885176.742835902
2022-06-10 00:00:00,4291160.751769203
2022-06-11 00:00:00,6792465.86745535
2022-06-12 00:00:00,9652587.117178831
2022-06-13 00:00:00,8578947.178803151
2022-06-14 00:00:00,6668821.337191155
2022-06-15 00:00:00,8038818.288636627
2022-06-16 00:00:00,5317038.529965095
2022-06-17 00:00:00,5871163.12226397
2022-06-18 00:00:00,6172053.549367352
2022-06-19 00:00:00,7345809.951485484
2022-06-20 00:00:00,7193548.91290341
2022-06-21 00:00:00,5199076.778338756
2022-06-22 00:00:00,8812817.454357341
2022-06-23 00:00:00,8001602.196881838
2022-06-24 00:00:00,5875131.668224465
2022-06-25 00:00:00,4558000.030021008
2022-06-26 00:00:00,3848656.235887087
2022-06-27 00:00:00,4152991.696112498
2022-06-28 00:00:00,2532000.2178204013
2022-06-29 00:00:00,2026000.1759753213
2022-06-30 00:00:00,2430622.064668336
2022-07-01 00:00:00,3342182.3414604296
2022-07-02 00:00:00,3545787.756040867
2022-07-03 00:00:00,3545000.355236698
2022-07-04 00:00:00,3443759.360898228
2022-07-05 00:00:00,910837.0985079091
2022-07-06 00:00:00,-303596.04667080566
2022-07-07 00:00:00,2526714.988144813
2022-07-08 00:00:00,910757.3860402335
2022-07-09 00:00:00,4558999.999999534
2022-07-10 00:00:00,4253465.382616326
2022-07-11 00:00:00,3646200.551790127
2022-07-12 00:00:00,4253334.065593954
2022-07-13 00:00:00,4556000.000000408
2022-07-14 00:00:00,4918043.42720093
2022-07-15 00:00:00,5565956.57279907
2022-07-16 00:00:00,3959647.3324804683
2022-07-17 00:00:00,4019352.6675226167
2022-07-18 00:00:00,3515648.25984888
2022-07-19 00:00:00,4519184.304406168
2022-07-20 00:00:00,3765800.163029693
2022-07-21 00:00:00,3766000.329625851
2022-07-22 00:00:00,4184200.5390120903
2022-07-23 00:00:00,4267417.119296908
2022-07-24 00:00:00,2929400.6609385833
2022-07-25 00:00:00,1506348.6238385667
2022-07-26 00:00:00,3431634.5608850825
2022-07-27 00:00:00,3430617.763922899
2022-07-28 00:00:00,2259982.9328832566
2022-07-29 00:00:00,1673000.1670051133
2022-07-30 00:00:00,2761418.1635294226
2022-07-31 00:00:00,1003782.0420409553
2022-08-01 00:00:00,4352200.482024811
2022-08-02 00:00:00,2510200.4435643903
2022-08-03 00:00:00,2343600.035957468
2022-08-04 00:00:00,837000.0898686121
2022-08-05 00:00:00,1924218.9611716894
2022-08-06 00:00:00,1256000.2069172915
2022-08-07 00:00:00,2426981.480678136
2022-08-08 00:00:00,1003819.0739486017
2022-08-09 00:00:00,1004543.5956018628
2022-08-10 00:00:00,585256.4136305591
2022-08-11 00:00:00,-585256.4136305591
2022-08-12 00:00:00,-335162.29751642095
2022-08-13 00:00:00,-167400.23979812395
2022-08-14 00:00:00,-83581.26470295247
2022-08-15 00:00:00,-1338600.2062319312
2022-08-16 00:00:00,-27281421.300494518
2022-08-17 00:00:00,-21841834.69125576
2022-08-18 00:00:00,-7867167.964180291
2022-08-19 00:00:00,-12529776.881980885
2022-08-20 00:00:00,-5270610.545786098
2022-08-21 00:00:00,-3027599.7846322716
2022-08-22 00:00:00,-3644577.889170556
2022-08-23 00:00:00,1316177.8595687356
2022-08-24 00:00:00,-910978.0445054639
2022-08-25 00:00:00,-1215466.7493135203
2022-08-26 00:00:00,-1316533.6582488962
2022-08-27 00:00:00,810533.6582487798
2022-08-28 00:00:00,-1012999.9999993597
2022-08-29 00:00:00,708866.6934011853
2022-08-30 00:00:00,-2937200.7589999703
2022-08-31 00:00:00,-202421.97214136831
2022-09-01 00:00:00,-2329978.1591354404
2022-09-02 00:00:00,-15699602.637346659
2022-09-03 00:00:00,-12863422.24751832
2022-09-04 00:00:00,-8204240.918259951
2022-09-05 00:00:00,-21574542.50465671
2022-09-06 00:00:00,-36193790.68889655
2022-09-07 00:00:00,-27601596.07985569
2022-09-08 00:00:00,-15252070.726590464
2022-09-09 00:00:00,-10009954.96362471
2022-09-10 00:00:00,-9534800.607198965
2022-09-11 00:00:00,-5004400.42646497
2022-09-12 00:00:00,-238377.99107842147
2022-09-13 00:00:00,-1072800.1419180073
2022-09-14 00:00:00,-952665.8697146922
2022-09-15 00:00:00,-2622334.5413178904
2022-09-16 00:00:00,-357665.45868315734
2022-09-17 00:00:00,-1548534.7412726842
2022-09-18 00:00:00,-238465.2587263845
2022-09-19 00:00:00,1667843.59127481
2022-09-20 00:00:00,-2025378.4002114553
2022-09-21 00:00:00,119199.99630947132
2022-09-22 00:00:00,953378.2150285551
2022-09-23 00:00:00,-357378.14737076405
2022-09-24 00:00:00,238334.74496903364
2022-09-25 00:00:00,-3098956.8737857044
2022-09-26 00:00:00,-2383200.0279888744
2022-09-27 00:00:00,-357599.99274951406
2022-09-27 00:00:01,NaN
2022-09-28 23:59:59,NaN
2022-09-29 00:00:00,119221.54911223333
2022-09-30 00:00:00,357535.3454112774
2022-10-01 00:00:00,596000
2022-10-02 00:00:00,357664.78431469295
2022-10-03 00:00:00,596000.0668666326
2022-10-04 00:00:00,952778.6277638515
2022-10-05 00:00:00,1787799.984223675
2022-10-06 00:00:00,953600.0377229648
2022-10-07 00:00:00,-119178.24586026836
2022-10-08 00:00:00,2144378.2829785487
2022-10-09 00:00:00,1311021.9016324263
2022-10-10 00:00:00,2502600.499070948
2022-10-11 00:00:00,2502378.0497523258
2022-10-12 00:00:00,1787000.1390877878
2022-10-13 00:00:00,2741422.6535577327
2022-10-14 00:00:00,1310800.37010659
2022-10-15 00:00:00,2978400.124406209
2022-10-16 00:00:00,596000.0718105584
2022-10-17 00:00:00,-4051622.9391255183
2022-10-18 00:00:00,-237977.7881189948
2022-10-19 00:00:00,-1310822.1439854242
2022-10-20 00:00:00,-1310244.476204738
2022-10-21 00:00:00,-1549533.6407029536
2022-10-22 00:00:00,119199.99617605936
2022-10-23 00:00:00,2025333.6445273599
2022-10-24 00:00:00,-1667955.8648142265
2022-10-25 00:00:00,1549000.0856062397
2022-10-26 00:00:00,1430200.3025307786
2022-10-27 00:00:00,119222.25778806023
2022-10-28 00:00:00,1787599.9806566397
2022-10-29 00:00:00,2739933.2382320426
2022-10-30 00:00:00,4053045.0284247054
2022-10-31 00:00:00,0
2022-11-01 00:00:00,0
2022-11-02 00:00:00,-1192199.9403364025
2022-11-03 00:00:00,2145622.843078221
2022-11-04 00:00:00,-5125623.083371669
2022-11-05 00:00:00,2860822.788320831
2022-11-06 00:00:00,1430332.3638844304
2022-11-07 00:00:00,357667.8541696165
2022-11-08 00:00:00,0
2022-11-09 00:00:00,1192000.1461061183
2022-11-10 00:00:00,595399.8374452349
2022-11-11 00:00:00,-7984823.07745202
2022-11-12 00:00:00,8580423.386584967
2022-11-13 00:00:00,1311177.379880799
2022-11-14 00:00:00,596000.0492421677
2022-11-15 00:00:00,1072423.1778680114
2022-11-16 00:00:00,595799.5991577627
2022-11-17 00:00:00,1072400.3906839062
2022-11-18 00:00:00,-2502423.268277198
2022-11-19 00:00:00,-1072577.1771862637
2022-11-20 00:00:00,1906800.455621793
2022-11-21 00:00:00,-1430023.169726017
2022-11-22 00:00:00,1191200.257259421
2022-11-23 00:00:00,-1310445.8413777174
2022-11-24 00:00:00,-2263954.7695053043
2022-11-25 00:00:00,-4291045.230494463
2022-11-26 00:00:00,3218467.9311655927
2022-11-27 00:00:00,-2741622.8913324885
2022-11-28 00:00:00,-834377.5443852646
2022-11-29 00:00:00,-238467.49544818886
2022-11-30 00:00:00,-1072755.0964471884
2022-12-01 00:00:00,-596000.0478870934
2022-12-02 00:00:00,-357177.8844940709
2022-12-03 00:00:00,-1429822.2584987525
2022-12-04 00:00:00,-952977.5614555692
2022-12-05 00:00:00,-1310800.37010659
2022-12-06 00:00:00,-596000.0706728315
2022-12-07 00:00:00,-715222.2812613472
2022-12-08 00:00:00,-1430200.301623554
2022-12-09 00:00:00,-714377.7720804792
2022-12-10 00:00:00,-476822.1675865352
2022-12-11 00:00:00,-833778.197606327
2022-12-12 00:00:00,1548934.009720455
2022-12-13 00:00:00,-3336533.9883669512
2022-12-14 00:00:00,952533.9883663692
2022-12-15 00:00:00,835065.9902801272
2022-12-16 00:00:00,-3813065.990279196
2022-12-17 00:00:00,3694043.9960469957
2022-12-18 00:00:00,-119043.99604757782
2022-12-19 00:00:00,-834934.1520002345
2022-12-20 00:00:00,1073000.1422800124
2022-12-21 00:00:00,1310600.3651928622
2022-12-22 00:00:00,-7746000.896789948
2022-12-23 00:00:00,7150000.826963689
2022-12-24 00:00:00,1072399.9133129837
2022-12-25 00:00:00,953933.8010401698
2022-12-26 00:00:00,-596999.9999990687
2022-12-27 00:00:00,1787999.9999989523
2022-12-28 00:00:00,-238333.36395630613
2022-12-29 00:00:00,-833622.4075901555
2022-12-30 00:00:00,119022.11039687973
2022-12-31 00:00:00,237977.8819421772
2023-01-01 00:00:00,834200.2554122591
2023-01-02 00:00:00,-953178.1411853153
2023-01-03 00:00:00,237933.66498104297
2023-01-04 00:00:00,1430466.781110852
2023-01-05 00:00:00,1430177.9837582726
2023-01-06 00:00:00,1787199.9875616748
2023-01-07 00:00:00,-476844.7524313815
2023-01-08 00:00:00,2025467.3513812013
2023-01-09 00:00:00,1549532.6486198464
2023-01-10 00:00:00,1191999.999999418
2023-01-11 00:00:00,597000
2023-01-12 00:00:00,0
2023-01-13 00:00:00,4289245.534858201
2023-01-14 00:00:00,2383800.0392434187
2023-01-15 00:00:00,1191200.2577668754
2023-01-16 00:00:00,-357577.16693903785
2023-01-17 00:00:00,715177.1587065887
2023-01-18 00:00:00,476822.99072283786
2023-01-19 00:00:00,2621331.185641815
2023-01-20 00:00:00,1072046.0148238344
2023-01-21 00:00:00,2622200.422199443
2023-01-22 00:00:00,2859753.562975675
2023-01-23 00:00:00,3575000.0000010477
2023-01-24 00:00:00,-3813330.045413575
2023-01-25 00:00:00,4409330.045412527
2023-01-26 00:00:00,594999.9999998836
2023-01-27 00:00:00,1430470.8181270398
2023-01-28 00:00:00,1906200.2333545825
2023-01-29 00:00:00,715176.3663110323
2023-01-30 00:00:00,-119176.28668411635
2023-01-31 00:00:00,2858800.404873211
2023-02-01 00:00:00,2143528.464018367
2023-02-02 00:00:00,-9649153.00351486
2023-02-03 00:00:00,13911599.799817078
2023-02-04 00:00:00,703222.7334363852
2023-02-05 00:00:00,1734597.546513076
2023-02-06 00:00:00,0
2023-02-07 00:00:00,-229267.07625121344
2023-02-08 00:00:00,-576000
2023-02-09 00:00:00,115245.15510327183
2023-02-10 00:00:00,-3516797.6930990117
2023-02-11 00:00:00,827623.3065737179
2023-02-12 00:00:00,235929.2314221384
2023-02-13 00:00:00,470446.8994777417
2023-02-14 00:00:00,-3789775.5367987556
2023-02-15 00:00:00,-595199.584480375
2023-02-16 00:00:00,-2262000.820831745
2023-02-17 00:00:00,2142776.8977649976
2023-02-18 00:00:00,357599.9910023529
2023-02-19 00:00:00,-238376.06793560553
2023-02-20 00:00:00,-713624.307330465
2023-02-21 00:00:00,-714847.4708682625
2023-02-22 00:00:00,-2978000.0000003492
2023-02-23 00:00:00,1192000.000000815
2023-02-24 00:00:00,357671.3709983742
2023-02-25 00:00:00,1547576.37641381
2023-02-26 00:00:00,2379599.8843767447
2023-02-27 00:00:00,-1546376.4343725052
2023-02-28 00:00:00,2496776.4792145463
2023-03-01 00:00:00,356023.6796394456
2023-03-02 00:00:00,-11192201.022998663
2023-03-03 00:00:00,17811373.721819256
2023-03-04 00:00:00,-113577.96845759731
2023-03-05 00:00:00,1927133.9133665897
2023-03-06 00:00:00,2374843.807282392
2023-03-07 00:00:00,4404156.192717375
2023-03-08 00:00:00,7112467.176606529
2023-03-09 00:00:00,6518977.065348066
2023-03-10 00:00:00,6159593.064092449
2023-03-11 00:00:00,5181962.69395278
2023-03-12 00:00:00,5875656.340116751
2023-03-13 00:00:00,-3544400.1844695304
2023-03-14 00:00:00,4254743.84435272
2023-03-15 00:00:00,7191238.209282514
2023-03-16 00:00:00,2126619.583292573
2023-03-17 00:00:00,3950380.914155976
2023-03-18 00:00:00,6280020.3514255695
2023-03-19 00:00:00,7191380.92484849
2023-03-20 00:00:00,19143622.634802364
2023-03-21 00:00:00,3646579.2940392857
2023-03-22 00:00:00,6178158.088153053
2023-03-23 00:00:00,7191443.454503257
2023-03-24 00:00:00,8305822.990579473
2023-03-25 00:00:00,13574395.186827926
2023-03-26 00:00:00,14271338.368089462
2023-03-27 00:00:00,10125832.925726835
2023-03-28 00:00:00,12803600.957482297
2023-03-29 00:00:00,8034566.116790636
2023-03-30 00:00:00,7698653.397062503
2023-03-31 00:00:00,-5941818.3803750435
2023-04-01 00:00:00,-7196835.016687343
2023-04-02 00:00:00,-7112999.999999942
2023-04-03 00:00:00,-5523567.022972798
2023-04-04 00:00:00,-8200800.6796589475
2023-04-05 00:00:00,-8202184.6621668665
2023-04-06 00:00:00,-8988194.154560333
2023-04-07 00:00:00,-10076253.480641346
2023-04-08 00:00:00,-12356334.935691092
2023-04-09 00:00:00,-14483665.064308967
2023-04-10 00:00:00,-16611559.423485247
2023-04-11 00:00:00,-16206201.573909841
2023-04-12 00:00:00,-15091782.3602641
2023-04-13 00:00:00,-14102600.055924907
2023-04-14 00:00:00,-17371012.243689504
2023-04-15 00:00:00,-15598797.166620847
2023-04-16 00:00:00,-13326576.672706055
2023-04-17 00:00:00,-12393401.852665585
2023-04-18 00:00:00,-12394223.755076295
2023-04-19 00:00:00,-10366978.515665978
2023-04-20 00:00:00,-10724801.683396567
2023-04-21 00:00:00,-8818400.76967131
2023-04-22 00:00:00,-9057601.178352954
2023-04-23 00:00:00,-15030614.870816935
2023-04-24 00:00:00,-20427201.07143163
2023-04-25 00:00:00,-25612579.39281687
2023-04-26 00:00:00,-15523401.36339946
2023-04-27 00:00:00,-10737266.050105099
2023-04-28 00:00:00,-19404000.000000115
2023-04-29 00:00:00,-4656358.176813694
2023-04-30 00:00:00,-5950379.607161041
2023-05-01 00:00:00,-3363400.283396011
2023-05-02 00:00:00,-2198861.932629021
2023-05-03 00:00:00,-646000.0000004657
2023-05-04 00:00:00,-1553338.6647455627
2023-05-05 00:00:00,2716979.8353654332
2023-05-06 00:00:00,1034820.5065041548
2023-05-07 00:00:00,1810779.5567972353
2023-05-08 00:00:00,2199020.982104237
2023-05-09 00:00:00,1552737.7839750843
2023-05-10 00:00:00,1292999.999999185
2023-05-11 00:00:00,-516758.49810172804
2023-05-12 00:00:00,4527200.405630749
2023-05-13 00:00:00,-8279179.603744415
2023-05-14 00:00:00,-517600.4589732038
2023-05-15 00:00:00,-6596800.365381758
2023-05-16 00:00:00,-5046600.450137048
2023-05-17 00:00:00,-1812620.4558551544
2023-05-18 00:00:00,-1556379.6226253035
2023-05-19 00:00:00,-2735419.6794530144
2023-05-20 00:00:00,-5684994.013071177
2023-05-21 00:00:00,-2248375.9440138238
2023-05-22 00:00:00,-3390023.4446463874
2023-05-23 00:00:00,707199.9061895767
2023-05-24 00:00:00,-1273647.7758167312
2023-05-25 00:00:00,0
2023-05-26 00:00:00,1414999.9999990687
2023-05-27 00:00:00,1977847.774472786
2023-05-28 00:00:00,-7497200.173956458
2023-05-29 00:00:00,-1982376.4093132922
2023-05-30 00:00:00,-1698271.1912026862
2023-05-31 00:00:00,-991129.085090477
2023-06-01 00:00:00,-424870.91490929015
2023-06-02 00:00:00,424870.91490929015
2023-06-03 00:00:00,-3540000.3381384304
2023-06-04 00:00:00,1132776.5691834502
2023-06-05 00:00:00,-2124000.134799746
2023-06-06 00:00:00,0
2023-06-07 00:00:00,0
2023-06-08 00:00:00,-4530200.318797142
2023-06-09 00:00:00,1557553.3076418797
2023-06-10 00:00:00,2406270.445968141
2023-06-11 00:00:00,3540000.336961122
2023-06-12 00:00:00,3681000.1281377627
2023-06-13 00:00:00,5238729.08893344
2023-06-14 00:00:00,2687647.775817313
2023-06-15 00:00:00,6461352.224182454
2023-06-16 00:00:00,6370661.479950766
2023-06-17 00:00:00,8029338.520049583
2023-06-18 00:00:00,9313862.219091155
2023-06-19 00:00:00,7373779.682170716
2023-06-20 00:00:00,7631621.6649658745
2023-06-21 00:00:00,8020736.433773069
2023-06-22 00:00:00,8149265.097593539
2023-06-23 00:00:00,9831378.933495026
2023-06-24 00:00:00,9572622.998077307
2023-06-25 00:00:00,6468000.668016495
2023-06-26 00:00:00,8149977.884646738
2023-06-27 00:00:00,7890223.623387981
2023-06-28 00:00:00,9442530.794781866
2023-06-29 00:00:00,2588000.0000006985
2023-06-30 00:00:00,6337847.4835651
2023-07-01 00:00:00,6467000.501009868
2023-07-02 00:00:00,5032624.143483583
2023-07-03 00:00:00,5536992.073992966
2023-07-04 00:00:00,5401398.605005816
2023-07-05 00:00:00,-119420.93341273721
2023-07-06 00:00:00,119420.93341273721
2023-07-07 00:00:00,2981600.0969295856
2023-07-08 00:00:00,1071979.2648445582
2023-07-09 00:00:00,1311421.2084953906
2023-07-10 00:00:00,3217978.9363833843
2023-07-11 00:00:00,1668221.1327151163
2023-07-12 00:00:00,1906779.125777888
2023-07-13 00:00:00,1907157.4277958134
2023-07-14 00:00:00,3455842.9656164953
2023-07-15 00:00:00,2263821.751955431
2023-07-16 00:00:00,3575000.4022821086
2023-07-17 00:00:00,3812334.8801466636
2023-07-18 00:00:00,2980000.0000004657
2023-07-19 00:00:00,2860043.9884647494
2023-07-20 00:00:00,3693956.0115340864
2023-07-21 00:00:00,4766000.000000349
2023-07-22 00:00:00,4292045.036375872
2023-07-23 00:00:00,3931800.441213418
2023-07-24 00:00:00,3575000.2962928265
2023-07-25 00:00:00,6434823.720330605
2023-07-26 00:00:00,5005330.505787977
2023-07-27 00:00:00,5123670.813752804
2023-07-28 00:00:00,2740576.6660856316
2023-07-29 00:00:00,3454752.520161448
2023-07-30 00:00:00,3327871.3518033037
2023-07-31 00:00:00,4562395.7244475605
2023-08-01 00:00:00,3073177.0755029283
2023-08-02 00:00:00,3843621.8644761248
2023-08-03 00:00:00,3275000.442238874
2023-08-04 00:00:00,3951600.273669581
2023-08-05 00:00:00,3838178.1080001965
2023-08-06 00:00:00,4616222.033199272
2023-08-07 00:00:00,3110933.1266621593
2023-08-08 00:00:00,2555838.8263995876
2023-08-09 00:00:00,3485217.3111406155
2023-08-10 00:00:00,3349180.9565406293
2023-08-11 00:00:00,3040000.2338433405
2023-08-12 00:00:00,4456762.672075885
2023-08-13 00:00:00,4152238.0054845707
2023-08-14 00:00:00,709019.2903496791
2023-08-15 00:00:00,3545400.196125731
2023-08-16 00:00:00,5165981.408221239
2023-08-17 00:00:00,5165361.099818605
2023-08-18 00:00:00,3544999.999999418
2023-08-19 00:00:00,2228859.782471496
2023-08-20 00:00:00,2532000.3330952604
2023-08-21 00:00:00,1620400.1977965236
2023-08-22 00:00:00,-304260.31336252345
2023-08-23 00:00:00,-8912541.114054505
2023-08-24 00:00:00,-5469800.706618989
2023-08-25 00:00:00,-5773419.8468378745
2023-08-26 00:00:00,-2329581.1478853575
2023-08-27 00:00:00,1822781.2633121503
2023-08-28 00:00:00,304199.9931988539
2023-08-29 00:00:00,607361.5588854882
2023-08-30 00:00:00,1013000.0000000582
2023-08-31 00:00:00,1114238.539531827
2023-09-01 00:00:00,0
2023-09-02 00:00:00,1823600.118418457
2023-09-03 00:00:00,2430819.6480343468
2023-09-04 00:00:00,1822580.7392040733
2023-09-05 00:00:00,1216019.8836916243
2023-09-06 00:00:00,101380.3546698764
2023-09-07 00:00:00,1114360.7164492714
2023-09-08 00:00:00,3037999.999999942
2023-09-09 00:00:00,2634239.739324723
2023-09-10 00:00:00,2633220.198500261
2023-09-11 00:00:00,3038400.650051306
2023-09-12 00:00:00,3950380.006514257
2023-09-13 00:00:00,4659220.919279091
2023-09-14 00:00:00,2835538.486330537
2023-09-15 00:00:00,-3240738.309625711
2023-09-16 00:00:00,2633379.6696144855
2023-09-17 00:00:00,-3848400.4882561276
2023-09-18 00:00:00,-709400.1005375758
2023-09-19 00:00:00,304020.712776226
2023-09-20 00:00:00,1214979.4265424716
2023-09-21 00:00:00,1519800.3077800386
2023-09-22 00:00:00,1316220.8295994205
2023-09-23 00:00:00,2937579.606389161
2023-09-24 00:00:00,2228220.853526087
2023-09-25 00:00:00,3545600.7676742156
2023-09-26 00:00:00,1214736.7245173664
2023-09-27 00:00:00,2937642.577933497
2023-09-28 00:00:00,-405642.5779329729
2023-09-29 00:00:00,709463.6908491375
2023-09-30 00:00:00,24871336.309150968
2023-10-01 00:00:00,734399.9999992084
2023-10-02 00:00:00,275400.0000000233
2023-10-03 00:00:00,550800.0000005122
2023-10-04 00:00:00,-91800.00000051223
2023-10-05 00:00:00,-6244400.000000256
2023-10-06 00:00:00,-2387199.999999255
2023-10-07 00:00:00,-1836599.9999999767
2023-10-08 00:00:00,-918400.0000000233
2023-10-09 00:00:00,-918600.0000007334
2023-10-10 00:00:00,367200.0000002445
2023-10-11 00:00:00,-1009799.9999992317
2023-10-12 00:00:00,-1836000
2023-10-13 00:00:00,-3030800.0000002794
2023-10-14 00:00:00,-5763599.999999977
2023-10-15 00:00:00,-2395199.9999994296
2023-10-16 00:00:00,-2593800.0000005704
2023-10-17 00:00:00,-1097800.0000005122
2023-10-18 00:00:00,-1297199.9999989057
2023-10-19 00:00:00,-3392400.000000838
2023-10-20 00:00:00,-1396199.9999994296
2023-10-21 00:00:00,-499000.000001397
2023-10-22 00:00:00,-99799.99999917345
2023-10-23 00:00:00,299400.0000002561
2023-10-24 00:00:00,-1097800.0000005122
2023-10-25 00:00:00,-1696599.999999744
2023-10-26 00:00:00,-1296399.9999994412
2023-10-27 00:00:00,-1796399.9999997322
2023-10-28 00:00:00,-199600.00000108266
2023-10-29 00:00:00,-7083799.9999994645
2023-10-30 00:00:00,3791399.99999915
2023-10-31 00:00:00,-1197599.9999996857
2023-11-01 00:00:00,-299200.0000003027
2023-11-02 00:00:00,-1595999.999999185
2023-11-03 00:00:00,-1297400.000000256
2023-11-04 00:00:00,-1396399.9999994412
2023-11-05 00:00:00,-1197400.0000008382
2023-11-06 00:00:00,-2694000
2023-11-07 00:00:00,-1796000
2023-11-08 00:00:00,-1696599.9999991618
2023-11-09 00:00:00,-4190600.000000559
2023-11-10 00:00:00,-2294399.999999441
2023-11-11 00:00:00,-2993000
2023-11-12 00:00:00,-10740399.999999965
2023-11-13 00:00:00,-6057200.000000594
2023-11-14 00:00:00,-4217800.00000092
2023-11-15 00:00:00,-3677799.9999994063
2023-11-16 00:00:00,-2271199.9999993714
2023-11-17 00:00:00,-3677800.0000006286
2023-11-18 00:00:00,-2812199.9999993714
2023-11-19 00:00:00,-2054800.0000006286
2023-11-20 00:00:00,-3353199.9999993714
2023-11-21 00:00:00,-3136799.9999996973
2023-11-22 00:00:00,-432800.0000002794
2023-11-23 00:00:00,-3569600.000000326
2023-11-24 00:00:00,-3785000
2023-11-25 00:00:00,-2704000
2023-11-26 00:00:00,-3136799.9999996973
2023-11-27 00:00:00,-3318799.9999996973
2023-11-28 00:00:00,-2901400.0000009546
2023-11-29 00:00:00,-3597999.9999989523
2023-11-30 00:00:00,-2321000.00000163
2023-12-01 00:00:00,-1741000
2023-12-02 00:00:00,-1276999.9999990687
2023-12-03 00:00:00,-464000.0000009313
2023-12-04 00:00:00,116000.00000058208
2023-12-05 00:00:00,-1275999.9999989523
2023-12-06 00:00:00,-348400.0000003725
2023-12-07 00:00:00,-696599.9999996275
2023-12-08 00:00:00,-464400.0000003725
2023-12-09 00:00:00,-4874400.000001304
2023-12-10 00:00:00,5338800.000001676
2023-12-11 00:00:00,-464400.0000003725
2023-12-12 00:00:00,-348600.00000032596
2023-12-13 00:00:00,-580000
2023-12-14 00:00:00,-1857000.0000003492
2023-12-15 00:00:00,-3016999.9999993015
2023-12-16 00:00:00,116000.00000058208
2023-12-17 00:00:00,-348000.00000023283
2023-12-18 00:00:00,-580000.0000016298
2023-12-19 00:00:00,116000.00000058208
2023-12-20 00:00:00,-696799.9999993481
2023-12-21 00:00:00,-1277200.0000003027
2023-12-22 00:00:00,-811999.9999996508
2023-12-23 00:00:00,-348000.00000034925
2023-12-24 00:00:00,-1161000
2023-12-25 00:00:00,0
2023-12-26 00:00:00,929000.0000003492
2023-12-27 00:00:00,115999.99999895226
2023-12-28 00:00:00,1740800.0000000466
2023-12-29 00:00:00,812400.0000009546
2023-12-30 00:00:00,1160800.0000003958
2023-12-31 00:00:00,115999.99999895226
2024-01-01 00:00:00,232000.00000128057
2024-01-02 00:00:00,-1044000.0000009313
2024-01-03 00:00:00,2437000.0000006985
2024-01-04 00:00:00,-1392999.9999997672
2024-01-05 00:00:00,1972999.9999997672
2024-01-06 00:00:00,231999.99999965075
2024-01-07 00:00:00,5454999.999999651
2024-01-08 00:00:00,-6847800.000000978
2024-01-09 00:00:00,4642000.00000163
2024-01-10 00:00:00,232399.99999967404
2024-01-11 00:00:00,1741400.0000000233
2024-01-12 00:00:00,1043999.9999993015
2024-01-13 00:00:00,1393000
2024-01-14 00:00:00,-812599.9999999767
2024-01-15 00:00:00,-1276399.9999993248
2024-01-16 00:00:00,4642200.000000303
2024-01-17 00:00:00,1624799.999999348
2024-01-18 00:00:00,-580000
2024-01-19 00:00:00,-1161000
2024-01-20 00:00:00,-580000
2024-01-21 00:00:00,-3133999.9999996508
2024-01-22 00:00:00,-464000.0000006985
2024-01-23 00:00:00,-1508800.0000006286
2024-01-24 00:00:00,-1625199.9999993714
2024-01-25 00:00:00,348000.00000034925
2024-01-26 00:00:00,-2553000.0000006985
2024-01-27 00:00:00,-7659599.999998696
2024-01-28 00:00:00,-6615400.000000605
2024-01-29 00:00:00,-6614999.999999651
2024-01-30 00:00:00,-6499599.999999744
2024-01-31 00:00:00,-6267400.000000256
2024-02-01 00:00:00,-5798000.000001048
2024-02-02 00:00:00,-7749999.999998603
2024-02-03 00:00:00,-6766800.000000396
2024-02-04 00:00:00,-6151199.999999604
2024-02-05 00:00:00,-4797600.000001024
2024-02-06 00:00:00,-6643399.999999325
2024-02-07 00:00:00,-6643000.000001048
2024-02-08 00:00:00,-8364999.999998952
2024-02-09 00:00:00,-6889000.000000349
2024-02-10 00:00:00,-6579199.999999255
2024-02-11 00:00:00,-11600200.00000042
2024-02-12 00:00:00,-1564199.9999996042
2024-02-13 00:00:00,-5865000
2024-02-14 00:00:00,-7690599.999999977
2024-02-15 00:00:00,-5474800.000000745
2024-02-16 00:00:00,-7820000
2024-02-17 00:00:00,-5083599.9999996275
2024-02-18 00:00:00,-260599.99999927823
2024-02-19 00:00:00,-5604600.000000675
2024-02-20 00:00:00,-11991600.000000792
2024-02-21 00:00:00,-6450999.999998836
2024-02-22 00:00:00,-10278600.000000443
2024-02-23 00:00:00,-5833999.999999534
2024-02-24 00:00:00,-5417000.000001164
2024-02-25 00:00:00,-6944999.999998836
2024-02-26 00:00:00,-5833000.000000815
2024-02-27 00:00:00,-7222600.000000792
2024-02-28 00:00:00,-8750399.999999208
2024-02-29 00:00:00,-4444999.999999651
2024-03-01 00:00:00,-5139199.999999604
2024-03-02 00:00:00,-5637800.000000279
2024-03-03 00:00:00,-6659000
2024-03-04 00:00:00,-6215800.000001327
2024-03-05 00:00:00,-6067199.999998673
2024-03-06 00:00:00,-3403000.0000004657
2024-03-07 00:00:00,-3995999.9999995343
2024-03-08 00:00:00,-592000.0000012806
2024-03-09 00:00:00,1332000.0000012806
2024-03-10 00:00:00,2812000.0000003492
2024-03-11 00:00:00,3106999.9999996508
2024-03-12 00:00:00,3255999.9999995343
2024-03-13 00:00:00,443999.9999991851
2024-03-14 00:00:00,-1923999.999999185
2024-03-15 00:00:00,-1924000.0000004657
2024-03-16 00:00:00,-9767000.000000816
2024-03-17 00:00:00,-3254999.999997439
2024-03-18 00:00:00,-8139800.000001676
2024-03-19 00:00:00,-739199.9999983236
2024-03-20 00:00:00,-3256000.000001746
2024-03-21 00:00:00,-591999.9999990687
2024-03-22 00:00:00,-296000.00000174623
2024-03-23 00:00:00,2960000
2024-03-24 00:00:00,2071000.0000012806
2024-03-25 00:00:00,-3326013.402220793
2024-03-26 00:00:00,3035634.860317223
2024-03-27 00:00:00,290378.5419035703
2024-03-28 00:00:00,3255999.9999995343
2024-03-29 00:00:00,0
2024-03-30 00:00:00,1331999.999999185
2024-03-31 00:00:00,740000.0000020955
2024-04-01 00:00:00,2220000
2024-04-02 00:00:00,-148000.0000008149
2024-04-03 00:00:00,5919000
2024-04-04 00:00:00,4144000.0000004657
2024-04-05 00:00:00,7251000.000000349
2024-04-06 00:00:00,4734999.999998719
2024-04-07 00:00:00,3848000.0000004657
2024-04-08 00:00:00,9017800.000000745
2024-04-09 00:00:00,0
2024-04-10 00:00:00,12084199.99999844
2024-04-11 00:00:00,9306000.000000816
2024-04-12 00:00:00,9166800.000000745
2024-04-13 00:00:00,10139399.99999851
2024-04-14 00:00:00,10973200.000001118
2024-04-15 00:00:00,9861800.00000086
2024-04-16 00:00:00,12209599.99999986
2024-04-17 00:00:00,16684599.999999627
2024-04-18 00:00:00,12903799.999998184
2024-04-19 00:00:00,17335400.000002235
2024-04-20 00:00:00,10557399.99999886
2024-04-21 00:00:00,15929999.999999302
2024-04-22 00:00:00,12055999.99999965
2024-04-23 00:00:00,12794000.000001047
2024-04-24 00:00:00,13532000
2024-04-25 00:00:00,12662000.000000931
2024-04-26 00:00:00,12185999.99999837
2024-04-27 00:00:00,13464000.000000698
2024-04-28 00:00:00,11372999.999999302
2024-04-29 00:00:00,15784000.00000163
2024-04-30 00:00:00,15565199.99999937
2024-05-01 00:00:00,16115799.999999698
2024-05-02 00:00:00,13521000
2024-05-03 00:00:00,15389000
2024-05-04 00:00:00,14767400.000000257
2024-05-05 00:00:00,14966000
2024-05-06 00:00:00,15422869.896193035
2024-05-07 00:00:00,14562988.927335653
2024-05-08 00:00:00,12664141.176471312
2024-05-09 00:00:00,12764199.999999488
2024-05-10 00:00:00,10804200.000000477
2024-05-11 00:00:00,10588600.000000035
2024-05-12 00:00:00,11858000
2024-05-13 00:00:00,11520000.000000466
2024-05-14 00:00:00,11401599.999999277
2024-05-15 00:00:00,9869200.000000244
2024-05-16 00:00:00,7675399.999999325
2024-05-17 00:00:00,8302400.00000043
2024-05-18 00:00:00,9195000
2024-05-19 00:00:00,3262000
2024-05-20 00:00:00,3116200.0000001863
2024-05-21 00:00:00,3768799.9999998137
2024-05-22 00:00:00,4929199.999999604
2024-05-23 00:00:00,2826600.0000002095
2024-05-24 00:00:00,3334000.0000004075
2024-05-25 00:00:00,4349000
2024-05-26 00:00:00,2175000
2024-05-27 00:00:00,2536399.999999965
2024-05-28 00:00:00,-2246400.0000003725
2024-05-29 00:00:00,-289999.99999959255
2024-05-30 00:00:00,-6353268.631869345
2024-05-31 00:00:00,-5171131.368131086
2024-06-01 00:00:00,-1304999.9999995925
2024-06-02 00:00:00,-435400.0000001979
2024-06-03 00:00:00,-434600.00000020955
2024-06-04 00:00:00,-1376399.9999997905
2024-06-05 00:00:00,-870200.0000004191
2024-06-06 00:00:00,-579799.9999995809
2024-06-07 00:00:00,-72600.00000038417
2024-06-08 00:00:00,652399.9999999651
2024-06-09 00:00:00,1159800.0000002212
2024-06-10 00:00:00,-217199.9999996042
2024-06-11 00:00:00,3261200.0000000116
2024-06-12 00:00:00,2246600.0000002095
2024-06-13 00:00:00,-1232200.000000419
2024-06-14 00:00:00,-869200.0000004191
2024-06-15 00:00:00,-72599.99999916181
2024-06-16 00:00:00,-579800.0000008033
2024-06-17 00:00:00,-1740399.9999996158
2024-06-18 00:00:00,-2826399.999999616
2024-06-19 00:00:00,-5363800.00000057
2024-06-20 00:00:00,-6667799.999999814
2024-06-21 00:00:00,-11710400.000000197
2024-06-22 00:00:00,-15195599.999999803
2024-06-23 00:00:00,-8772399.999999791
2024-06-24 00:00:00,-10271000.000000466
2024-06-25 00:00:00,-7030200.000000011
2024-06-26 00:00:00,-7115399.999999732
2024-06-27 00:00:00,-4150399.9999994994
2024-06-28 00:00:00,-1778600.0000005006
2024-06-29 00:00:00,-1863600.0000005006
2024-06-30 00:00:00,-2371399.9999994994
2024-07-01 00:00:00,-2202600.0000005006
2024-07-02 00:00:00,-846999.9999987776
2024-07-03 00:00:00,-423200.0000011758
2024-07-04 00:00:00,-339199.999999546
2024-07-05 00:00:00,-423000
2024-07-06 00:00:00,-762400.0000007218
2024-07-07 00:00:00,-169399.9999994994
2024-07-08 00:00:00,1185599.999999744
2024-07-09 00:00:00,0
2024-07-10 00:00:00,-3219799.9999995227
2024-07-11 00:00:00,-338399.9999994994
2024-07-12 00:00:00,-1101200.0000002445
2024-07-13 00:00:00,1016599.9999997439
2024-07-14 00:00:00,169199.9999997788
2024-07-15 00:00:00,762600.0000004424
2024-07-16 00:00:00,508799.9999995227
2024-07-17 00:00:00,0
2024-07-18 00:00:00,-423999.9999992433
2024-07-19 00:00:00,339199.9999987893
2024-07-20 00:00:00,762200.0000007101
2024-07-21 00:00:00,1016599.9999997439
2024-07-22 00:00:00,1609200.0000004773
2024-07-23 00:00:00,2287000
2024-07-24 00:00:00,-3049200.0000004773
2024-07-25 00:00:00,-677399.9999990338
2024-07-26 00:00:00,-1355400.000000489
2024-07-27 00:00:00,-1101800.0000002212
2024-07-28 00:00:00,-84799.99999928987
2024-07-29 00:00:00,1186599.999999511
2024-07-30 00:00:00,-338600.0000006752
2024-07-31 00:00:00,-84799.99999928987
2024-08-01 00:00:00,-763199.999999546
2024-08-02 00:00:00,1101999.9999990687
2024-08-03 00:00:00,508199.9999997206
2024-08-04 00:00:00,762200.0000002445
2024-08-05 00:00:00,1270600.000000035
2024-08-06 00:00:00,677800.0000002212
2024-08-07 00:00:00,1778600.0000005006
2024-08-08 00:00:00,1778599.9999999767
2024-08-09 00:00:00,1947799.9999995227
2024-08-10 00:00:00,2202600.0000002678
2024-08-11 00:00:00,1863199.9999999534
2024-08-12 00:00:00,3896399.999999325
2024-08-13 00:00:00,3727599.9999999767
2024-08-14 00:00:00,3388000.0000006985
2024-08-15 00:00:00,2625600.0000005006
2024-08-16 00:00:00,2287199.999999779
2024-08-17 00:00:00,2286799.999998999
2024-08-18 00:00:00,2032800.0000002794
2024-08-19 00:00:00,2528599.9999999767
2024-08-20 00:00:00,2506000.0000009313
2024-08-21 00:00:00,1723599.999998638
2024-08-22 00:00:00,2506800.000000221
2024-08-23 00:00:00,1957400.0000006636
2024-08-24 00:00:00,1488800.0000002212
2024-08-25 00:00:00,2271799.9999998137
2024-08-26 00:00:00,3602599.999999511
2024-08-27 00:00:00,3759200.0000002445
2024-08-28 00:00:00,3289799.9999997555
2024-08-29 00:00:00,1567000
2024-08-30 00:00:00,235200.00000024447
2024-08-31 00:00:00,1487599.999999802
2024-09-01 00:00:00,-78400.00000025611
2024-09-02 00:00:00,-1330999.9999993015
2024-09-03 00:00:00,-3838399.9999997905
2024-09-04 00:00:00,-1175000
2024-09-05 00:00:00,-6187600.000000908
2024-09-06 00:00:00,-4465263.413203239
2024-09-07 00:00:00,-5851595.40687385
2024-09-08 00:00:00,-3746975.3437692416
2024-09-09 00:00:00,-3012565.8361536916
2024-09-10 00:00:00,-1778599.999999744
2024-09-11 00:00:00,0
2024-09-12 00:00:00,-84599.99999927823
2024-09-13 00:00:00,84599.99999927823
2024-09-14 00:00:00,253800.0000002212
2024-09-15 00:00:00,-2699999.633867177
2024-09-16 00:00:00,-10259800.366133044
2024-09-17 00:00:00,-7199600.000000035
2024-09-18 00:00:00,-5420799.999999523
2024-09-19 00:00:00,-5929400.000000722
2024-09-20 00:00:00,-3134599.999999278
2024-09-21 00:00:00,-2117200.000000943
2024-09-22 00:00:00,-1574199.9999997788
2024-09-23 00:00:00,-183599.99999922002
2024-09-24 00:00:00,-918000.0000010477
2024-09-25 00:00:00,459000.00000128057
2024-09-26 00:00:00,183599.9999997439
2024-09-27 00:00:00,275400.0000000233
2024-09-28 00:00:00,-275400.0000000233
2024-09-29 00:00:00,183599.9999997439
2024-09-30 00:00:00,275399.9999994994
2024-10-01 00:00:00,-458999.9999992433
2024-10-02 00:00:00,-183599.9999997439
2024-10-03 00:00:00,-275400.0000002561
2024-10-04 00:00:00,-1010800.0000005122
2024-10-05 00:00:00,-550800.0000005122
2024-10-06 00:00:00,-550799.9999992317
2024-10-07 00:00:00,-1653400.000000256
2024-10-08 00:00:00,1498065.713778662
2024-10-09 00:00:00,981534.2862210819
2024-10-10 00:00:00,-91799.99999923166
2024-10-11 00:00:00,-304721.5218321071
2024-10-12 00:00:00,963488.8517147629
2024-10-13 00:00:00,780818.5589752393
2024-10-14 00:00:00,779853.7053439068
2024-10-15 00:00:00,88260.55492984597
2024-10-16 00:00:00,-1736527.0558053162
2024-10-17 00:00:00,531834.5286754193
2024-10-18 00:00:00,964511.433003121
2024-10-19 00:00:00,230111.43300234107
2024-10-20 00:00:00,138311.43300334224
2024-10-21 00:00:00,502658.07898918865
2024-10-22 00:00:00,507800.0000002212
2024-10-23 00:00:00,1270800.0000000466
2024-10-24 00:00:00,423199.9999990221
2024-10-25 00:00:00,459958.08719925117
2024-10-26 00:00:00,947675.7877652417
2024-10-27 00:00:00,863075.787765265
2024-10-28 00:00:00,881642.7182231564
2024-10-29 00:00:00,1221840.211640112
2024-10-30 00:00:00,-731792.5925916061
2024-10-31 00:00:00,-254400.0000002561
2024-11-01 00:00:00,268679.0378000587
2024-11-02 00:00:00,1410876.2886602199
2024-11-03 00:00:00,1156476.288660313
2024-11-04 00:00:00,338251.0124980472
2024-11-05 00:00:00,-4139883.615055529
2024-11-06 00:00:00,-5174999.012563843
2024-11-07 00:00:00,-1653199.9999994878
2024-11-08 00:00:00,-3781599.207021529
2024-11-09 00:00:00,573591.6845406755
2024-11-10 00:00:00,574054.8308640136
2024-11-11 00:00:00,114841.33962524356
2024-11-12 00:00:00,315711.3519911072
2024-11-13 00:00:00,-275599.9999999767
2024-11-14 00:00:00,734599.9999999767
2024-11-15 00:00:00,642599.9999999767
2024-11-16 00:00:00,918000.0000010477
2024-11-17 00:00:00,2387799.9999992317
2024-11-18 00:00:00,-1795555.9464244288
2024-11-19 00:00:00,313852.2266083164
2024-11-20 00:00:00,-262496.2801846559
2024-11-21 00:00:00,1101600.0000002678
2024-11-22 00:00:00,1320000
2024-11-23 00:00:00,2117400.000000722
2024-11-24 00:00:00,1185799.9999995227
2024-11-25 00:00:00,0
2024-11-26 00:00:00,592799.9999999884
2024-11-27 00:00:00,334150.8571775048
2024-11-28 00:00:00,119926.28576565767
2024-11-29 00:00:00,2492326.2857649243
2024-11-30 00:00:00,1729126.2857660768
2024-12-01 00:00:00,1644326.2857658556
2024-12-02 00:00:00,372543.9997597714
2024-12-03 00:00:00,0
2024-12-04 00:00:00,169200.0000004773
2024-12-05 00:00:00,-1439600.0000005006
2024-12-06 00:00:00,-2286800.000000221
2024-12-07 00:00:00,-846999.9999987776
2024-12-08 00:00:00,-593400.0000007218
2024-12-09 00:00:00,-1207777.2637644666
2024-12-10 00:00:00,-2718857.83820285
2024-12-11 00:00:00,1384835.1019670372
2024-12-12 00:00:00,-1100799.9999989988
2024-12-13 00:00:00,-1524800.0000002794
2024-12-14 00:00:00,-1468000.0000009895
2024-12-15 00:00:00,-917999.9999987194
2024-12-16 00:00:00,-2994032.138863695
2024-12-17 00:00:00,-1920148.2082953444
2024-12-18 00:00:00,-2891819.6528422413
2024-12-19 00:00:00,-183599.99999951106
2024-12-20 00:00:00,-1101599.9999999767
2024-12-21 00:00:00,-1102599.999999744
2024-12-22 00:00:00,-1009799.9999992317
2024-12-23 00:00:00,-1285200.0000007683
2024-12-24 00:00:00,-1745199.9999994878
2024-12-25 00:00:00,-1377000
2024-12-26 00:00:00,-1102600.0000007916
2024-12-27 00:00:00,-1009799.9999994645
2024-12-28 00:00:00,-967375.0085667125
2024-12-29 00:00:00,117536.41867119586
2024-12-30 00:00:00,-1169761.41010446
2024-12-31 00:00:00,-1102600.0000005588
2025-01-01 00:00:00,-1101599.9999999767
2025-01-02 00:00:00,-918599.9999999767
2025-01-03 00:00:00,-1101999.9999997672
2025-01-04 00:00:00,-642599.9999997439
2025-01-05 00:00:00,-3030400.000000256
2025-01-06 00:00:00,-336936.26373639563
2025-01-07 00:00:00,-435797.8021984454
2025-01-08 00:00:00,1231734.065934841
2025-01-09 00:00:00,275400.0000002561
2025-01-10 00:00:00,-1034566.784939263
2025-01-11 00:00:00,863506.1414018855
2025-01-12 00:00:00,-2166385.262742464
2025-01-13 00:00:00,-514002.45445320616
2025-01-14 00:00:00,-1469898.902596091
2025-01-15 00:00:00,-874372.7422892116
2025-01-16 00:00:00,319027.25771203404
2025-01-17 00:00:00,-690772.7422877797
2025-01-18 00:00:00,-1058972.7422886062
2025-01-19 00:00:00,-507172.74228751194
2025-01-20 00:00:00,-2068772.7422883618
2025-01-21 00:00:00,1421627.2577104974
2025-01-22 00:00:00,251156.45934833447
2025-01-23 00:00:00,-1101799.9999997555
2025-01-24 00:00:00,1072640.639824851
2025-01-25 00:00:00,1470566.6148625896
2025-01-26 00:00:00,93430.1428804174
2025-01-27 00:00:00,-1100715.6561210286
2025-01-28 00:00:00,90777.62444899417
2025-01-29 00:00:00,60579.66332283104
2025-01-30 00:00:00,-582020.3366761561
2025-01-31 00:00:00,1897579.6633238206
2025-02-01 00:00:00,2263779.6633241815
2025-02-02 00:00:00,3549983.144114318
2025-02-03 00:00:00,3395998.836694169
2025-02-04 00:00:00,3122400.00000078
2025-02-05 00:00:00,2434325.8057473577
2025-02-06 00:00:00,3233681.2891951995
2025-02-07 00:00:00,3417281.2891988433
2025-02-08 00:00:00,3876711.7242130917
2025-02-09 00:00:00,4152250.854178332
2025-02-10 00:00:00,3311952.6899392367
2025-02-11 00:00:00,3342234.488018148
2025-02-12 00:00:00,1651069.624917407
2025-02-13 00:00:00,-381513.34062661044
2025-02-14 00:00:00,-127429.12419722416
2025-02-15 00:00:00,-1229048.6604235484
2025-02-16 00:00:00,-42930.37508381531
2025-02-17 00:00:00,465691.66291318834
2025-02-18 00:00:00,-668477.927990607
2025-02-19 00:00:00,-508199.9999997788
2025-02-20 00:00:00,2286799.9999997555
2025-02-21 00:00:00,-338399.9999994994
2025-02-22 00:00:00,169199.9999997788
2025-02-23 00:00:00,423399.9999999651
2025-02-24 00:00:00,-254200.00000024447
2025-02-25 00:00:00,84600.00000050059
2025-02-26 00:00:00,84800.00000045402
2025-02-27 00:00:00,-1439600.000000908
2025-02-28 00:00:00,-220461.82122750906
2025-03-01 00:00:00,-278802.713828336
2025-03-02 00:00:00,-24722.670954011846
2025-03-03 00:00:00,-662212.7939896891
2025-03-04 00:00:00,-2096199.9999997206
2025-03-05 00:00:00,2379803.2462712144
2025-03-06 00:00:00,1355012.0702305576
2025-03-07 00:00:00,-1609249.7958841268
2025-03-08 00:00:00,-1634688.1245650584
2025-03-09 00:00:00,1804450.3989138757
2025-03-10 00:00:00,1664472.2050337587
2025-03-11 00:00:00,423599.9999992782
2025-03-12 00:00:00,-84600.00000050059
2025-03-13 00:00:00,1016200.0000002445
2025-03-14 00:00:00,1270600.0000007334
2025-03-15 00:00:00,1271399.999999965
2025-03-16 00:00:00,2964599.999999278
2025-03-17 00:00:00,3388000.0000007567
2025-03-18 00:00:00,1185799.9999995227
2025-03-19 00:00:00,506726.65287036216
2025-03-20 00:00:00,4169241.834340559
2025-03-21 00:00:00,2305755.4892443004
2025-03-22 00:00:00,1459196.9243535423
2025-03-23 00:00:00,950596.9243563013
2025-03-24 00:00:00,1873282.1748351562
2025-03-25 00:00:00,4320799.99999929
2025-03-26 00:00:00,-1270200.0000000116
2025-03-27 00:00:00,-17025599.999999277
2025-03-28 00:00:00,-10249799.99999929
2025-03-29 00:00:00,-12536400.00000043
2025-03-30 00:00:00,-7714200.0000005355
2025-03-31 00:00:00,-3581200.0000002445
2025-04-01 00:00:00,-1744399.9999987427
2025-04-02 00:00:00,-2663000.0000007567
2025-04-03 00:00:00,-1102000.0000005239
2025-04-04 00:00:00,1110013.5282382835
2025-04-05 00:00:00,-4099997.6186453714
2025-04-06 00:00:00,6644984.922689851
2025-04-07 00:00:00,1854399.1677172598
2025-04-08 00:00:00,367200.0000002445
2025-04-09 00:00:00,367400.00000078
2025-04-10 00:00:00,-275600.00000026776
2025-04-11 00:00:00,275600.00000026776
2025-04-12 00:00:00,1836799.9999997555
2025-04-13 00:00:00,1836199.999998964
2025-04-14 00:00:00,1194200.000001525
2025-04-15 00:00:00,1652799.9999997555
2025-04-16 00:00:00,3305399.9999997322
2025-04-17 00:00:00,2295999.9999992433
2025-04-18 00:00:00,-1193399.9999994994
2025-04-19 00:00:00,-3030399.9999994994
2025-04-20 00:00:00,-6060800.000000222
2025-04-21 00:00:00,-642600.0000007916
2025-04-22 00:00:00,2754799.9999999884
2025-04-23 00:00:00,3581400.00000078
2025-04-24 00:00:00,5325600.000000268
2025-04-25 00:00:00,5876999.999999477
2025-04-26 00:00:00,5973399.999999499
2025-04-27 00:00:00,6151851.739269972
2025-04-28 00:00:00,4736865.612987429
2025-04-29 00:00:00,4359505.627947569
2025-04-30 00:00:00,-95727.26114658872
2025-05-01 00:00:00,3161600.79722543
2025-05-02 00:00:00,2907886.3599502947
2025-05-03 00:00:00,2569843.5785876936
2025-05-04 00:00:00,1975803.7907724502
2025-05-05 00:00:00,1806377.9097711085
2025-05-06 00:00:00,366749.0352189634
2025-05-07 00:00:00,-649593.2156796334
2025-05-08 00:00:00,-2090119.6271439549
2025-05-09 00:00:00,27843.578586762305
2025-05-10 00:00:00,-1666156.4214117825
2025-05-11 00:00:00,-1751956.4214124111
2025-05-12 00:00:00,-2386157.6989070745
2025-05-13 00:00:00,508185.50887156744
2025-05-14 00:00:00,1101115.0733795948
2025-05-15 00:00:00,-84749.70887426753
2025-05-16 00:00:00,2202850.2911253017
2025-05-17 00:00:00,1101585.034425254
2025-05-18 00:00:00,1270915.5478246976
2025-05-19 00:00:00,1411880.868631415
2025-05-20 00:00:00,847000.0000009313
2025-05-21 00:00:00,2541000
2025-05-22 00:00:00,2287000
2025-05-23 00:00:00,3557199.999999779
2025-05-24 00:00:00,2033200.0000007101
2025-05-25 00:00:00,2263599.9999990454
2025-05-26 00:00:00,1331000.0000009313
2025-05-27 00:00:00,626999.9999990687
2025-05-28 00:00:00,-1566399.9999993248
2025-05-29 00:00:00,626599.9999995693
2025-05-30 00:00:00,-626599.9999995693
2025-05-31 00:00:00,156399.9999993248
2025-06-01 00:00:00,391799.99999981374
2025-06-02 00:00:00,626200.0000008848
2025-06-03 00:00:00,156799.99999934807
2025-06-04 00:00:00,784000.0000008731
2025-06-05 00:00:00,861399.9999993248
2025-06-06 00:00:00,1879600.0000006752
2025-06-07 00:00:00,1487999.999998894
2025-06-08 00:00:00,1409799.9999997555
2025-06-09 00:00:00,1645000.0000004657
2025-06-10 00:00:00,3681199.999999779
2025-06-11 00:00:00,-21156599.999999568
2025-06-12 00:00:00,-8893000
2025-06-13 00:00:00,-2475652.267706173
2025-06-14 00:00:00,-2592406.2343245023
2025-06-15 00:00:00,-1830292.4393730354
2025-06-16 00:00:00,-1572649.0585962893
2025-06-17 00:00:00,84600.00000050059
2025-06-18 00:00:00,1185399.9999994994
2025-06-19 00:00:00,-847000
2025-06-20 00:00:00,886810.6428947067
2025-06-21 00:00:00,507396.3603187003
2025-06-22 00:00:00,1353978.8993410766
2025-06-23 00:00:00,763608.9259830187
2025-06-24 00:00:00,172356.1142355902
2025-06-25 00:00:00,1144049.0572266863
2025-06-26 00:00:00,1185600.0000006752
2025-06-27 00:00:00,1580130.2367433673
2025-06-28 00:00:00,650846.440639405
2025-06-29 00:00:00,-535423.17317985
2025-06-30 00:00:00,-543478.3253552159
2025-07-01 00:00:00,-1102199.7437396785
2025-07-02 00:00:00,-932599.7437401093
2025-07-03 00:00:00,-762999.7437400161
2025-07-04 00:00:00,-1101911.7159199086
2025-07-05 00:00:00,-763197.8575497051
2025-07-06 00:00:00,-932397.8575526853
2025-07-07 00:00:00,-299568.5166060575
2025-07-08 00:00:00,-254400.0000002561
2025-07-09 00:00:00,1101400.000000256
2025-07-10 00:00:00,0
2025-07-11 00:00:00,677399.9999994994
2025-07-12 00:00:00,0
2025-07-13 00:00:00,-84799.99999899883
2025-07-14 00:00:00,137472.720355785
2025-07-15 00:00:00,-3092.597628128715
2025-07-16 00:00:00,627819.8772722972
2025-07-17 00:00:00,-6606400.000000197
2025-07-18 00:00:00,-10165000
2025-07-19 00:00:00,-4743200.000000477
2025-07-20 00:00:00,-1016199.9999997788
2025-07-21 00:00:00,-79322.32119614491
2025-07-22 00:00:00,900353.0757831177
2025-07-23 00:00:00,301054.21369866235
2025-07-24 00:00:00,-122007.03452154994
2025-07-25 00:00:00,216392.965480336
2025-07-26 00:00:00,-630222.0135645475
2025-07-27 00:00:00,640007.9445216106
2025-07-28 00:00:00,43743.16979851574
2025-07-29 00:00:00,-169199.9999997788
2025-07-30 00:00:00,677800.0000000466
2025-07-31 00:00:00,931599.999999511
2025-08-01 00:00:00,1863199.9999999534
2025-08-02 00:00:00,2965800.0000000466
2025-08-03 00:00:00,3303200.0000004773
2025-08-04 00:00:00,1488748.8670145976
2025-08-05 00:00:00,2741923.3005226124
2025-08-06 00:00:00,2402723.300523241
2025-08-07 00:00:00,878323.3005210059
2025-08-08 00:00:00,1640523.3005241607
2025-08-09 00:00:00,1894923.3005212154
2025-08-10 00:00:00,1979364.129131427
2025-08-11 00:00:00,2572682.4719141005
2025-08-12 00:00:00,1511388.0293273833
2025-08-13 00:00:00,2456199.999999546
2025-08-14 00:00:00,1609200.0000007101
2025-08-15 00:00:00,507999.99999947613
2025-08-16 00:00:00,1185999.9999997672
2025-08-17 00:00:00,592600.0000005006
2025-08-18 00:00:00,339200.00000071013
2025-08-19 00:00:00,931799.9999992899
2025-08-20 00:00:00,1354800.000000454
2025-08-21 00:00:00,84799.99999928987
2025-08-22 00:00:00,1517885.1030142396
2025-08-23 00:00:00,2274457.534626068
2025-08-24 00:00:00,3237878.325378755
2025-08-25 00:00:00,1208112.2751036892
2025-08-26 00:00:00,1409012.755802425
2025-08-27 00:00:00,938612.7558037988
2025-08-28 00:00:00,312211.29787992686
2025-08-29 00:00:00,311615.7844879199
2025-08-30 00:00:00,469211.1850414076
2025-08-31 00:00:00,704412.7558024484
2025-09-01 00:00:00,77023.41261773836
2025-09-02 00:00:00,708966.8144418392
2025-09-03 00:00:00,1487599.999999802
2025-09-04 00:00:00,784000.0000008731
2025-09-05 00:00:00,1487599.9999988708
2025-09-06 00:00:00,0
2025-09-07 00:00:00,-3524599.9999999767
2025-09-08 00:00:00,-2939312.5748888706
2025-09-09 00:00:00,-3121527.38165739
2025-09-10 00:00:00,-1476127.3816561443
2025-09-11 00:00:00,-2486273.889402277
2025-09-12 00:00:00,-495603.029899823
2025-09-13 00:00:00,520421.34713201085
2025-09-14 00:00:00,1282938.4363318677
2025-09-15 00:00:00,1551880.3081089281
2025-09-16 00:00:00,944429.851799563
2025-09-17 00:00:00,1049071.4016003767
2025-09-18 00:00:00,-374819.59567498416
2025-09-19 00:00:00,-374936.3348490442
2025-09-20 00:00:00,-766377.965261694
2025-09-21 00:00:00,-296746.80512567284
2025-09-22 00:00:00,247183.6134433397
2025-09-23 00:00:00,704599.9999995693
2025-09-24 00:00:00,-78399.99999932479
2025-09-25 00:00:00,-3991199.999999779
2025-09-26 00:00:00,-12196600.000000443
2025-09-27 00:00:00,-3558199.999999779
2025-09-28 00:00:00,-1778799.9999992899
2025-09-29 00:00:00,-427293.80376805784
2025-09-30 00:00:00,212449.7392339399
2025-10-01 00:00:00,468844.0645338851
2025-10-02 00:00:00,1016200.0000002445
2025-10-03 00:00:00,1355599.9999992782
2025-10-04 00:00:00,2880400.000000722
2025-10-05 00:00:00,2625599.999999278
2025-10-06 00:00:00,1863599.999999744
2025-10-07 00:00:00,423600.0000000349
2025-10-08 00:00:00,762399.9999994994
2025-10-09 00:00:00,-169399.9999994994
2025-10-10 00:00:00,-84800.0000002794
2025-10-11 00:00:00,423400.0000007218
2025-10-12 00:00:00,931599.999999511
2025-10-13 00:00:00,339000.00000052387
2025-10-14 00:00:00,254200.00000024447
2025-10-15 00:00:00,1270199.9999999534
2025-10-16 00:00:00,1863599.999999802
2025-10-17 00:00:00,847000
2025-10-18 00:00:00,423399.9999999651
2025-10-19 00:00:00,847000
2025-10-20 00:00:00,2224199.999999779
2025-10-21 00:00:00,1330799.9999997555
2025-10-22 00:00:00,1096599.9999995693
2025-10-23 00:00:00,1879600.0000006752
2025-10-24 00:00:00,3054799.9999997555
2025-10-25 00:00:00,1174800.0000000466
2025-10-26 00:00:00,2271599.999999744
2025-10-27 00:00:00,2271600.000000908
2025-10-28 00:00:00,735361.1945249722
2025-10-29 00:00:00,3807838.8054745737
2025-10-30 00:00:00,2819400.000000198
2025-10-31 00:00:00,669707.1755200741
2025-11-01 00:00:00,667763.0713219987
2025-11-02 00:00:00,2704642.5781646976
2025-11-03 00:00:00,2537487.1749930317
2025-11-04 00:00:00,2898399.9999997905
2025-11-05 00:00:00,2976600.0000002095
2025-11-06 00:00:00,783000
2025-11-07 00:00:00,78200.0000004191
2025-11-08 00:00:00,391199.9999997788
2025-11-09 00:00:00,-234799.99999998836
2025-11-10 00:00:00,2428200.0000004773
2025-11-11 00:00:00,2037199.9999993131
2025-11-12 00:00:00,891370.6034969655
2025-11-13 00:00:00,652517.110092449
2025-11-14 00:00:00,1377517.1100909356
2025-11-15 00:00:00,1014517.1100918669
2025-11-16 00:00:00,1231717.1100925189
2025-11-17 00:00:00,1210160.956134845
2025-11-18 00:00:00,-507399.99999915017
2025-11-19 00:00:00,-435400.00000043074
2025-11-20 00:00:00,-652399.9999996158
2025-11-21 00:00:00,-4420600.000000384
2025-11-22 00:00:00,-6080199.9999995455
2025-11-23 00:00:00,-6109199.999999778
2025-11-24 00:00:00,-5013600.000000675
2025-11-25 00:00:00,-2271599.999999802
2025-11-26 00:00:00,-3983515.424486599
2025-11-27 00:00:00,-3273142.5536646857
2025-11-28 00:00:00,-1785314.7868915694
2025-11-29 00:00:00,-2020914.7868892178
2025-11-30 00:00:00,-2175920.419471804
2025-12-01 00:00:00,393807.9714034684
2025-12-02 00:00:00,313000.0000006403
2025-12-03 00:00:00,-469400.00000043074
2025-12-04 00:00:00,-2115399.9999997905
2025-12-05 00:00:00,1097414.058125869
2025-12-06 00:00:00,599183.3266688045
2025-12-07 00:00:00,207183.32666612696
2025-12-08 00:00:00,762665.5458423193
2025-12-09 00:00:00,626200.0000002445
2025-12-10 00:00:00,-156408.28126907581
2025-12-11 00:00:00,-78199.99999913853
2025-12-12 00:00:00,-278729.7336216434
2025-12-13 00:00:00,286679.39540639054
2025-12-14 00:00:00,-2532863.3788230945
2025-12-15 00:00:00,97984.16846827604
2025-12-16 00:00:00,-1715808.5325393477
2025-12-17 00:00:00,-403299.89492637105
2025-12-18 00:00:00,-470400.0000000233
2025-12-19 00:00:00,0
2025-12-20 00:00:00,78400.00000025611
2025-12-21 00:00:00,-469999.99999959255
2025-12-22 00:00:00,-783000.0000006403
2025-12-23 00:00:00,-2225599.9999995693
2025-12-24 00:00:00,-6436800.0000004545
2025-12-25 00:00:00,-9233199.999999546
2025-12-26 00:00:00,-7200000
2025-12-27 00:00:00,-3811000
2025-12-28 00:00:00,-3388000
2025-12-29 00:00:00,-4150400.000000722
2025-12-30 00:00:00,169200.00000094296
2025-12-31 00:00:00,-762399.9999994994
2026-01-01 00:00:00,-1695000.0000012224
2026-01-02 00:00:00,-1354999.9999992433
2026-01-03 00:00:00,-254400.0000002561
2026-01-04 00:00:00,762399.9999997322
2026-01-05 00:00:00,-312653.10527477413
2026-01-06 00:00:00,-1697679.6579131624
2026-01-07 00:00:00,-784467.236811528
2026-01-08 00:00:00,-2329400.000000547
2026-01-09 00:00:00,-1653199.9999994878
2026-01-10 00:00:00,-1744400.000000489
2026-01-11 00:00:00,3030400.000000256
2026-01-12 00:00:00,-310990.4405923444
2026-01-13 00:00:00,-1470108.9584115543
2026-01-14 00:00:00,-2571036.0730811954
2026-01-15 00:00:00,90107.85206087166
2026-01-16 00:00:00,-1745892.1479391283
2026-01-17 00:00:00,-1692.147939640563
2026-01-18 00:00:00,732707.8520606156
2026-01-19 00:00:00,457307.8520616982
2026-01-20 00:00:00,-1149403.7882193225
2026-01-21 00:00:00,-1009800.0000002794
2026-01-22 00:00:00,-1378000
2026-01-23 00:00:00,-1009799.9999994645
2026-01-24 00:00:00,-1057620.307936275
2026-01-25 00:00:00,-563116.4180289488
2026-01-26 00:00:00,1161736.725964467
2026-01-27 00:00:00,642600.0000005006
2026-01-28 00:00:00,-1065644.4232538342
2026-01-29 00:00:00,-3159264.219538076
2026-01-30 00:00:00,-3159669.050225639
2026-01-31 00:00:00,-497301.32112582214
2026-02-01 00:00:00,-1506185.1856736466
2026-02-02 00:00:00,-896535.8001827262
2026-02-03 00:00:00,-1194400.000000256
2026-02-04 00:00:00,-2295000
2026-02-05 00:00:00,-367999.99999947613
2026-02-06 00:00:00,-1010000.0000005239
2026-02-07 00:00:00,-275400.0000002561
2026-02-08 00:00:00,-275400.0000002561
2026-02-09 00:00:00,-458999.99999976717
2026-02-10 00:00:00,0
2026-02-11 00:00:00,-826199.9999997206
2026-02-12 00:00:00,-1010799.9999992317
2026-02-13 00:00:00,-1377000.0000010477
2026-02-14 00:00:00,-367199.9999997206
2026-02-15 00:00:00,1193400.000000256
2026-02-16 00:00:00,1102599.999999744
2026-02-17 00:00:00,0
2026-02-18 00:00:00,-551799.9999992317
2026-02-19 00:00:00,-275400.0000002561
2026-02-20 00:00:00,0
2026-02-21 00:00:00,-367200.00000076834
2026-02-22 00:00:00,1837000
2026-02-23 00:00:00,1275347.2092598095
2026-02-24 00:00:00,-648677.9678609455
2026-02-25 00:00:00,-648677.9678615858
2026-02-26 00:00:00,-436991.2735372782
2026-02-27 00:00:00,826200.0000005355
2026-02-28 00:00:00,1927799.9999994645
2026-03-01 00:00:00,1378000
2026-03-02 00:00:00,581287.3287330149
2026-03-03 00:00:00,1009630.9930983116
2026-03-04 00:00:00,613281.678169209
2026-03-05 00:00:00,-945660.3719854611
2026-03-06 00:00:00,-1202304.8927633208
2026-03-07 00:00:00,-1662304.8927632044
2026-03-08 00:00:00,-1477704.8927632277
2026-03-09 00:00:00,-2426224.9497253215
2026-03-10 00:00:00,-3305800.000000512
2026-03-11 00:00:00,-5418199.999999488
2026-03-12 00:00:00,551400.000000489
2026-03-13 00:00:00,-497724.53468001913
2026-03-14 00:00:00,-1421416.5047038114
2026-03-15 00:00:00,-3992816.5047026705
2026-03-16 00:00:00,-3772351.062333444
2026-03-17 00:00:00,-746887.2240667115
2026-03-18 00:00:00,-164604.16951414663
2026-03-19 00:00:00,1397200.0000008265
2026-03-20 00:00:00,1970467.634846049
2026-03-21 00:00:00,3343588.5477986303
2026-03-22 00:00:00,1782708.3035265678
2026-03-23 00:00:00,772048.4256635536
2026-03-24 00:00:00,1139434.6159407287
2026-03-25 00:00:00,2517062.2353852377
2026-03-26 00:00:00,1691048.4256635536
2026-03-27 00:00:00,1506448.4256637516
2026-03-28 00:00:00,680362.7067962661
2026-03-29 00:00:00,2425334.144530527
2026-03-30 00:00:00,1599248.4256629832
2026-03-31 00:00:00,2149048.425662215
2026-04-01 00:00:00,3068290.797652211
2026-04-02 00:00:00,2149806.0536749545
2026-04-03 00:00:00,2241848.42566523
2026-04-04 00:00:00,-3268151.5743372147
2026-04-05 00:00:00,-5196951.574336505
2026-04-06 00:00:00,437985.975585354
2026-04-07 00:00:00,-616594.7869822849
2026-04-08 00:00:00,-616594.7869822267
2026-04-09 00:00:00,-157594.78698222665
2026-04-10 00:00:00,-1351643.4813744854
2026-04-11 00:00:00,485653.9074102766
2026-04-12 00:00:00,-1076594.786980073
2026-04-13 00:00:00,-672259.6991530736
2026-04-14 00:00:00,-1653400.000000256
2026-04-15 00:00:00,-2203199.999999488
2026-04-16 00:00:00,-2571400.000000256
2026-04-17 00:00:00,-6224050.255309034
2026-04-18 00:00:00,-12680817.32235878
2026-04-19 00:00:00,-7752190.720589541
2026-04-20 00:00:00,-3873941.701742646
2026-04-21 00:00:00,-2494600.00000085
2026-04-22 00:00:00,-1396599.9999996857
2026-04-23 00:00:00,-598799.9999994645
2026-04-24 00:00:00,-1355430.5891782278
2026-04-25 00:00:00,-1163062.6751699601
2026-04-26 00:00:00,-964462.6751700416
2026-04-27 00:00:00,1479.7577316639945
2026-04-28 00:00:00,260271.0083127604
2026-04-29 00:00:00,160471.00831085118
2026-04-30 00:00:00,-338528.99168920703
2026-05-01 00:00:00,-1635928.9916894631
2026-05-02 00:00:00,2555671.0083107464
2026-05-03 00:00:00,1856071.0083128652
2026-05-04 00:00:00,-925808.1530468189
2026-05-05 00:00:00,-367547.14941373095
2026-05-06 00:00:00,-976394.5656208671
2026-05-07 00:00:00,-499000.000001397
2026-05-08 00:00:00,299400.0000003143
2026-05-09 00:00:00,-1397199.9999994878
2026-05-10 00:00:00,-2094800.0000005122
2026-05-11 00:00:00,-1698365.6914863968
2026-05-12 00:00:00,-2332116.2703363807
2026-05-13 00:00:00,-180652.12831884855
2026-05-14 00:00:00,649586.9626737549
2026-05-15 00:00:00,1964747.1274686977
2026-05-16 00:00:00,2793399.99999915
2026-05-17 00:00:00,2594800.0000002794
2026-05-18 00:00:00,2382078.0386300175
2026-05-19 00:00:00,186302.94936109567
2026-05-20 00:00:00,-1709619.4633397972
2026-05-21 00:00:00,-7995270.403242495
2026-05-22 00:00:00,-6897801.285333989
2026-05-23 00:00:00,-13584313.289141748
2026-05-24 00:00:00,-3475816.2412731326
2026-05-25 00:00:00,-3258416.24127503
2026-05-26 00:00:00,-2080988.2164435694
2026-05-27 00:00:00,-3994622.7708221413
2026-05-28 00:00:00,-9834909.685351595
2026-05-29 00:00:00,-6582223.3917679405
2026-05-30 00:00:00,-6273400.000000256
2026-05-31 00:00:00,-5408199.999999721
2026-06-01 00:00:00,-2703999.9999987194
2026-06-02 00:00:00,-1297400.0000003725
2026-06-03 00:00:00,-1082000.0000009313
2026-06-04 00:00:00,-216399.99999967404
2026-06-05 00:00:00,-541000
2026-06-06 00:00:00,-1405599.9999993946
2026-06-07 00:00:00,-3194600.000000908
2026-06-08 00:00:00,-2310763.800118235
2026-06-09 00:00:00,-1508841.7830218095
2026-06-10 00:00:00,-1498741.914908518
2026-06-11 00:00:00,-772400.7154143183
2026-06-12 00:00:00,-540010.1879991125
2026-06-13 00:00:00,-1119705.4517084034
2026-06-14 00:00:00,-1236705.451707705
2026-06-15 00:00:00,-4021705.4517050274
2026-06-16 00:00:00,-14698705.45170852
2026-06-17 00:00:00,-17949583.8752595
2026-06-18 00:00:00,-16086635.916448548
2026-06-19 00:00:00,-8611000
2026-06-20 00:00:00,-7382000
2026-06-21 00:00:00,-4674000.000000349
2026-06-22 00:00:00,-2830000
2026-06-23 00:00:00,-2582999.9999993015
2026-06-24 00:00:00,-2830000.0000003492
2026-06-25 00:00:00,-1845000
2026-06-26 00:00:00,-737999.9999989523
2026-06-27 00:00:00,-369000.00000034925
2026-06-28 00:00:00,0
2026-06-29 00:00:00,738000
"Data are being provided with the understanding they are provisional and subject to future revision. Provisional data may be inaccurate due to instrument malfunctions or physical changes at the measurement site. Subsequent review based on field inspections and measurements may result in significant revisions to the data. Not all datasets have received subsequent review and approval, and thus may contain errors. Data users are cautioned to consider carefully the provisional nature of the information before using it for decisions that concern personal or public safety or the conduct of business that involves substantial monetary or operational consequences. USIBWC does not warrant that these data are accurate or appropriate for any particular use case and advises that they may contain error as they are provisional in nature. USIBWC is not liable for the accuracy of these data or the use of these data for any purpose. Additional information regarding these datasets can be obtained from the USIBWC. For additional information, please contact the USIBWC Water Accounting Division.",
